-- MySQL dump 10.13  Distrib 8.0.19, for Linux (x86_64)
--
-- Host: localhost    Database: webhefesto
-- ------------------------------------------------------
-- Server version	8.0.19

/*!40101 SET @OLD_CHARACTER_SET_CLIENT=@@CHARACTER_SET_CLIENT */;
/*!40101 SET @OLD_CHARACTER_SET_RESULTS=@@CHARACTER_SET_RESULTS */;
/*!40101 SET @OLD_COLLATION_CONNECTION=@@COLLATION_CONNECTION */;
/*!50503 SET NAMES utf8mb4 */;
/*!40103 SET @OLD_TIME_ZONE=@@TIME_ZONE */;
/*!40103 SET TIME_ZONE='+00:00' */;
/*!40014 SET @OLD_UNIQUE_CHECKS=@@UNIQUE_CHECKS, UNIQUE_CHECKS=0 */;
/*!40014 SET @OLD_FOREIGN_KEY_CHECKS=@@FOREIGN_KEY_CHECKS, FOREIGN_KEY_CHECKS=0 */;
/*!40101 SET @OLD_SQL_MODE=@@SQL_MODE, SQL_MODE='NO_AUTO_VALUE_ON_ZERO' */;
/*!40111 SET @OLD_SQL_NOTES=@@SQL_NOTES, SQL_NOTES=0 */;

--
-- Current Database: `webhefesto`
--

CREATE DATABASE /*!32312 IF NOT EXISTS*/ `webhefesto` /*!40100 DEFAULT CHARACTER SET utf8 */ /*!80016 DEFAULT ENCRYPTION='N' */;

USE `webhefesto`;

--
-- Table structure for table `atendimento`
--

DROP TABLE IF EXISTS `atendimento`;
/*!40101 SET @saved_cs_client     = @@character_set_client */;
/*!50503 SET character_set_client = utf8mb4 */;
CREATE TABLE `atendimento` (
  `id_atendimento` int NOT NULL AUTO_INCREMENT,
  `id_pessoa` int NOT NULL,
  `id_chamado` int NOT NULL,
  PRIMARY KEY (`id_atendimento`,`id_pessoa`,`id_chamado`),
  KEY `fk_pessoa_has_chamado_chamado1_idx` (`id_chamado`),
  KEY `fk_pessoa_has_chamado_pessoa1_idx` (`id_pessoa`),
  CONSTRAINT `fk_pessoa_has_chamado_chamado1` FOREIGN KEY (`id_chamado`) REFERENCES `chamado` (`id_chamado`),
  CONSTRAINT `fk_pessoa_has_chamado_pessoa1` FOREIGN KEY (`id_pessoa`) REFERENCES `pessoa` (`id_pessoa`)
) ENGINE=InnoDB AUTO_INCREMENT=3 DEFAULT CHARSET=utf8;
/*!40101 SET character_set_client = @saved_cs_client */;

--
-- Dumping data for table `atendimento`
--

LOCK TABLES `atendimento` WRITE;
/*!40000 ALTER TABLE `atendimento` DISABLE KEYS */;
INSERT INTO `atendimento` VALUES (2,268,1);
/*!40000 ALTER TABLE `atendimento` ENABLE KEYS */;
UNLOCK TABLES;

--
-- Table structure for table `chamado`
--

DROP TABLE IF EXISTS `chamado`;
/*!40101 SET @saved_cs_client     = @@character_set_client */;
/*!50503 SET character_set_client = utf8mb4 */;
CREATE TABLE `chamado` (
  `id_chamado` int NOT NULL AUTO_INCREMENT,
  `codigo` varchar(12) NOT NULL,
  `descricao` varchar(100) NOT NULL,
  `materiais` varchar(200) DEFAULT NULL,
  `observacoes` varchar(200) DEFAULT NULL,
  `valor_servico` float DEFAULT NULL,
  `data_abertura` date NOT NULL,
  `data_conclusao` date DEFAULT NULL,
  `id_setor` smallint NOT NULL,
  `id_tipo_servico` tinyint unsigned NOT NULL,
  `id_solicitante` int NOT NULL,
  `id_status` tinyint NOT NULL,
  PRIMARY KEY (`id_chamado`),
  KEY `fk_chamado_setor1_idx` (`id_setor`),
  KEY `fk_chamado_servico1_idx` (`id_tipo_servico`),
  KEY `fk_chamado_pessoa1_idx` (`id_solicitante`),
  KEY `fk_chamado_status1_idx` (`id_status`),
  CONSTRAINT `fk_chamado_pessoa1` FOREIGN KEY (`id_solicitante`) REFERENCES `pessoa` (`id_pessoa`),
  CONSTRAINT `fk_chamado_servico1` FOREIGN KEY (`id_tipo_servico`) REFERENCES `tipo_servico` (`id_tipo_servico`),
  CONSTRAINT `fk_chamado_setor1` FOREIGN KEY (`id_setor`) REFERENCES `setor` (`id_setor`),
  CONSTRAINT `fk_chamado_status1` FOREIGN KEY (`id_status`) REFERENCES `status` (`id_status`)
) ENGINE=InnoDB AUTO_INCREMENT=3 DEFAULT CHARSET=utf8;
/*!40101 SET character_set_client = @saved_cs_client */;

--
-- Dumping data for table `chamado`
--

LOCK TABLES `chamado` WRITE;
/*!40000 ALTER TABLE `chamado` DISABLE KEYS */;
INSERT INTO `chamado` VALUES (1,'2020002001','teste','etes','asas',NULL,'2020-03-03',NULL,195,2,276,3),(2,'2020002001','dsdads asda','dsdsad','dsdad',NULL,'2020-03-06',NULL,3,2,435,1);
/*!40000 ALTER TABLE `chamado` ENABLE KEYS */;
UNLOCK TABLES;

--
-- Table structure for table `comentario_chamado`
--

DROP TABLE IF EXISTS `comentario_chamado`;
/*!40101 SET @saved_cs_client     = @@character_set_client */;
/*!50503 SET character_set_client = utf8mb4 */;
CREATE TABLE `comentario_chamado` (
  `id_comentario_chamado` int NOT NULL AUTO_INCREMENT,
  `texto_comentario_chamado` varchar(100) NOT NULL,
  `id_historico_chamado` int NOT NULL,
  PRIMARY KEY (`id_comentario_chamado`),
  KEY `fk_comentario_chamado_historico_chamado1_idx` (`id_historico_chamado`),
  CONSTRAINT `fk_comentario_chamado_historico_chamado1` FOREIGN KEY (`id_historico_chamado`) REFERENCES `historico_chamado` (`id_historico_chamado`)
) ENGINE=InnoDB AUTO_INCREMENT=2 DEFAULT CHARSET=utf8;
/*!40101 SET character_set_client = @saved_cs_client */;

--
-- Dumping data for table `comentario_chamado`
--

LOCK TABLES `comentario_chamado` WRITE;
/*!40000 ALTER TABLE `comentario_chamado` DISABLE KEYS */;
INSERT INTO `comentario_chamado` VALUES (1,'restes ada',3);
/*!40000 ALTER TABLE `comentario_chamado` ENABLE KEYS */;
UNLOCK TABLES;

--
-- Table structure for table `historico_chamado`
--

DROP TABLE IF EXISTS `historico_chamado`;
/*!40101 SET @saved_cs_client     = @@character_set_client */;
/*!50503 SET character_set_client = utf8mb4 */;
CREATE TABLE `historico_chamado` (
  `id_historico_chamado` int NOT NULL AUTO_INCREMENT,
  `hora_realizacao` datetime DEFAULT NULL,
  `id_operacao_chamado` int NOT NULL,
  `id_pessoa` int NOT NULL,
  `id_chamado` int NOT NULL,
  PRIMARY KEY (`id_historico_chamado`),
  KEY `fk_registro_cadastro_pessoa1_idx` (`id_pessoa`),
  KEY `fk_registro_cadastro_chamado1_idx` (`id_chamado`),
  KEY `fk_historico_chamado_operacao_chamado1_idx` (`id_operacao_chamado`),
  CONSTRAINT `fk_historico_chamado_operacao_chamado1` FOREIGN KEY (`id_operacao_chamado`) REFERENCES `operacao_chamado` (`id_operacao_chamado`),
  CONSTRAINT `fk_registro_cadastro_chamado1` FOREIGN KEY (`id_chamado`) REFERENCES `chamado` (`id_chamado`),
  CONSTRAINT `fk_registro_cadastro_pessoa1` FOREIGN KEY (`id_pessoa`) REFERENCES `pessoa` (`id_pessoa`)
) ENGINE=InnoDB AUTO_INCREMENT=7 DEFAULT CHARSET=utf8;
/*!40101 SET character_set_client = @saved_cs_client */;

--
-- Dumping data for table `historico_chamado`
--

LOCK TABLES `historico_chamado` WRITE;
/*!40000 ALTER TABLE `historico_chamado` DISABLE KEYS */;
INSERT INTO `historico_chamado` VALUES (1,'2020-03-03 16:39:16',1,276,1),(2,'2020-03-03 16:41:27',4,276,1),(3,'2020-03-03 16:42:08',3,276,1),(4,'2020-03-03 16:43:03',2,276,1),(5,'2020-03-06 10:17:55',1,276,2),(6,'2020-03-11 15:24:28',2,276,1);
/*!40000 ALTER TABLE `historico_chamado` ENABLE KEYS */;
UNLOCK TABLES;

--
-- Table structure for table `historico_mudanca_status_chamado`
--

DROP TABLE IF EXISTS `historico_mudanca_status_chamado`;
/*!40101 SET @saved_cs_client     = @@character_set_client */;
/*!50503 SET character_set_client = utf8mb4 */;
CREATE TABLE `historico_mudanca_status_chamado` (
  `id_historico_mudanca_status` int NOT NULL AUTO_INCREMENT,
  `id_status` tinyint NOT NULL,
  `id_historico_chamado` int NOT NULL,
  PRIMARY KEY (`id_historico_mudanca_status`),
  KEY `fk_historico_mudanca_status_chamado_status_idx` (`id_status`),
  KEY `fk_historico_mudanca_status_chamado_historico_chamado1_idx` (`id_historico_chamado`),
  CONSTRAINT `fk_historico_mudanca_status_chamado_historico_chamado1` FOREIGN KEY (`id_historico_chamado`) REFERENCES `historico_chamado` (`id_historico_chamado`),
  CONSTRAINT `fk_historico_mudanca_status_chamado_status` FOREIGN KEY (`id_status`) REFERENCES `status` (`id_status`)
) ENGINE=InnoDB AUTO_INCREMENT=2 DEFAULT CHARSET=utf8;
/*!40101 SET character_set_client = @saved_cs_client */;

--
-- Dumping data for table `historico_mudanca_status_chamado`
--

LOCK TABLES `historico_mudanca_status_chamado` WRITE;
/*!40000 ALTER TABLE `historico_mudanca_status_chamado` DISABLE KEYS */;
INSERT INTO `historico_mudanca_status_chamado` VALUES (1,3,2);
/*!40000 ALTER TABLE `historico_mudanca_status_chamado` ENABLE KEYS */;
UNLOCK TABLES;

--
-- Table structure for table `operacao_chamado`
--

DROP TABLE IF EXISTS `operacao_chamado`;
/*!40101 SET @saved_cs_client     = @@character_set_client */;
/*!50503 SET character_set_client = utf8mb4 */;
CREATE TABLE `operacao_chamado` (
  `id_operacao_chamado` int NOT NULL AUTO_INCREMENT,
  `nome_operacao_chamado` varchar(20) NOT NULL,
  PRIMARY KEY (`id_operacao_chamado`)
) ENGINE=InnoDB AUTO_INCREMENT=6 DEFAULT CHARSET=utf8;
/*!40101 SET character_set_client = @saved_cs_client */;

--
-- Dumping data for table `operacao_chamado`
--

LOCK TABLES `operacao_chamado` WRITE;
/*!40000 ALTER TABLE `operacao_chamado` DISABLE KEYS */;
INSERT INTO `operacao_chamado` VALUES (1,'Cadastrar'),(2,'Editar'),(3,'Comentar'),(4,'Mudar Status'),(5,'Finalizar');
/*!40000 ALTER TABLE `operacao_chamado` ENABLE KEYS */;
UNLOCK TABLES;

--
-- Table structure for table `papel_usuario`
--

DROP TABLE IF EXISTS `papel_usuario`;
/*!40101 SET @saved_cs_client     = @@character_set_client */;
/*!50503 SET character_set_client = utf8mb4 */;
CREATE TABLE `papel_usuario` (
  `id_papel` tinyint NOT NULL AUTO_INCREMENT,
  `nome_papel` varchar(20) NOT NULL,
  `descricao_papel` varchar(40) NOT NULL,
  PRIMARY KEY (`id_papel`)
) ENGINE=InnoDB AUTO_INCREMENT=4 DEFAULT CHARSET=utf8;
/*!40101 SET character_set_client = @saved_cs_client */;

--
-- Dumping data for table `papel_usuario`
--

LOCK TABLES `papel_usuario` WRITE;
/*!40000 ALTER TABLE `papel_usuario` DISABLE KEYS */;
INSERT INTO `papel_usuario` VALUES (1,'ADMINISTRADOR','Papel para administradores do sistema'),(2,'GESTOR_SETOR','Papel para gestores do setor'),(3,'TECNICO_ATENDIMENTO','Papel para tecnicos de atendimento');
/*!40000 ALTER TABLE `papel_usuario` ENABLE KEYS */;
UNLOCK TABLES;

--
-- Table structure for table `permissao_usuario`
--

DROP TABLE IF EXISTS `permissao_usuario`;
/*!40101 SET @saved_cs_client     = @@character_set_client */;
/*!50503 SET character_set_client = utf8mb4 */;
CREATE TABLE `permissao_usuario` (
  `id_papel` tinyint NOT NULL,
  `id_usuario` smallint NOT NULL,
  PRIMARY KEY (`id_papel`,`id_usuario`),
  KEY `fk_papel_has_usuario_usuario1_idx` (`id_usuario`),
  KEY `fk_papel_has_usuario_papel1_idx` (`id_papel`),
  CONSTRAINT `fk_papel_has_usuario_papel1` FOREIGN KEY (`id_papel`) REFERENCES `papel_usuario` (`id_papel`),
  CONSTRAINT `fk_papel_has_usuario_usuario1` FOREIGN KEY (`id_usuario`) REFERENCES `usuario` (`id_usuario`)
) ENGINE=InnoDB DEFAULT CHARSET=utf8;
/*!40101 SET character_set_client = @saved_cs_client */;

--
-- Dumping data for table `permissao_usuario`
--

LOCK TABLES `permissao_usuario` WRITE;
/*!40000 ALTER TABLE `permissao_usuario` DISABLE KEYS */;
INSERT INTO `permissao_usuario` VALUES (1,1),(2,2),(2,3),(2,4),(3,5);
/*!40000 ALTER TABLE `permissao_usuario` ENABLE KEYS */;
UNLOCK TABLES;

--
-- Table structure for table `pessoa`
--

DROP TABLE IF EXISTS `pessoa`;
/*!40101 SET @saved_cs_client     = @@character_set_client */;
/*!50503 SET character_set_client = utf8mb4 */;
CREATE TABLE `pessoa` (
  `id_pessoa` int NOT NULL AUTO_INCREMENT,
  `nome` varchar(80) NOT NULL,
  `email` varchar(40) DEFAULT NULL,
  `numero_documento` varchar(11) DEFAULT NULL,
  `matricula` varchar(13) DEFAULT NULL,
  `telefone` varchar(11) NOT NULL,
  `data_nascimento` date DEFAULT NULL,
  `id_tipo_pessoa` tinyint NOT NULL,
  `id_setor_lotacao` smallint NOT NULL,
  `id_setor_localizacao` smallint DEFAULT NULL,
  `id_pessoa_ufrn` mediumint DEFAULT NULL,
  PRIMARY KEY (`id_pessoa`),
  KEY `fk_pessoa_tipo_pessoa1_idx` (`id_tipo_pessoa`),
  KEY `fk_pessoa_setor_lotacao1` (`id_setor_lotacao`),
  KEY `fk_pessoa_setor_localizacao1` (`id_setor_localizacao`),
  CONSTRAINT `fk_pessoa_setor_localizacao1` FOREIGN KEY (`id_setor_localizacao`) REFERENCES `setor` (`id_setor`),
  CONSTRAINT `fk_pessoa_setor_lotacao1` FOREIGN KEY (`id_setor_lotacao`) REFERENCES `setor` (`id_setor`),
  CONSTRAINT `fk_pessoa_tipo_pessoa1` FOREIGN KEY (`id_tipo_pessoa`) REFERENCES `tipo_pessoa` (`id_tipo_pessoa`)
) ENGINE=InnoDB AUTO_INCREMENT=445 DEFAULT CHARSET=utf8;
/*!40101 SET character_set_client = @saved_cs_client */;

--
-- Dumping data for table `pessoa`
--

LOCK TABLES `pessoa` WRITE;
/*!40000 ALTER TABLE `pessoa` DISABLE KEYS */;
INSERT INTO `pessoa` VALUES (1,'Admin do hefesto','admin@ct.ufrn.br','01254120164','','84995687451','2002-05-25',1,64,64,NULL),(2,'JOAO WANDERLEY RODRIGUES PEREIRA','joaowrp@hotmail.com','13191233415','346780','',NULL,1,3,NULL,17908),(3,'LUIZ PEDRO DE ARAUJO','superintendencia@infra.ufrn.br','16119843434','347088','',NULL,1,3,NULL,18210),(4,'ELMAR DAMASCENO','','10625194420','347582','',NULL,2,3,72,18696),(5,'RICARDO SERGIO ALVES LAGO','ricardosalago@gmail.com','31692893491','347726','',NULL,2,3,146,18839),(6,'JOSE DE JESUS PEREIRA SANTOS','jesusantos@ct.ufrn.br','07464649320','348556','',NULL,2,3,16,19664),(7,'LUIZ GUILHERME MEIRA DE SOUZA','lguilherme@dem.ufrn.br','25094955420','349104','',NULL,1,3,NULL,20212),(8,'JOAO MARIA ALVES FRAZAO','joaomaria@ufrnet.br','20109032420','349146','',NULL,2,3,72,20254),(9,'CLEITON RUBENS FORMIGA BARBOSA','cleiton@ufrnet.br','22174443449','349577','',NULL,1,3,NULL,20680),(10,'RAIFF COSTA RAMALHO','raifframalho33@gmail.com','19976356404','350367','',NULL,2,3,53,21467),(11,'FRANCISCO LUIZ DA SILVA','flsilva2013@hotmail.com','20266456472','350410','',NULL,2,3,72,21510),(12,'ANGELO RONCALLI OLIVEIRA GUERRA','profroncalli@gmail.com','35808225434','350690','',NULL,1,3,NULL,21787),(13,'MANOEL DA SILVA NETO','manoelsn48@yahoo.com','09061975468','350703','',NULL,2,3,50,21799),(14,'ARIVALDO ALVES DELIO','add@ufrnet.br','29749751434','350857','',NULL,2,3,50,21952),(15,'AVELINO MANUEL DA SILVA DIAS','avelino009@yahoo.com.br','82145008772','434906','',NULL,1,3,NULL,5753771),(16,'EVANS PAIVA DA COSTA FERREIRA','evans@ct.ufrn.br','72074094434','1064594','',NULL,1,3,NULL,5757110),(17,'TOMAS BARROS VASCONCELOS','tomasbarrosv@gmail.com','05039394470','1103538','',NULL,1,3,NULL,5760960),(18,'FRANCISCO CHAVIER RIBEIRO BATISTA','chaviereana@gmail.com','47432888434','1149316','',NULL,2,3,72,22688),(19,'ALDO PAULINO DE MEDEIROS JUNIOR','aldo.paulino@yahoo.com.br','39239721487','1149325','',NULL,2,3,69,22697),(20,'IGOR LOPES DE ANDRADE','igor.andrade@ct.ufrn.br','07094528450','1150023','',NULL,1,3,NULL,5758036),(21,'LUCINEIDE DOS SANTOS MEDEIROS TAVARES','neidinhasantosmtavares@gmail.com','41292332468','1164350','',NULL,2,3,9,23142),(22,'BRUNO CESAR ROCHA VITORIA','brunocrv@ufrn.edu.br','08335856494','1212882','',NULL,1,3,NULL,5761132),(23,'GEORGE SANTOS MARINHO','gmarinho@ct.ufrn.br','35846852491','1235107','',NULL,1,3,NULL,23943),(24,'LUIZ HENRIQUE PINHEIRO DE LIMA','henriquengmec@yahoo.com.br','76182991453','1283193','',NULL,2,3,53,24210),(25,'RAIMUNDO CARLOS SILVERIO FREIRE JUNIOR','freirej@ufrnet.br','02306444498','1338331','',NULL,1,3,NULL,2261705),(26,'WALLACE MOREIRA BESSA','wmbessa@ct.ufrn.br','05362438751','1445637','',NULL,1,3,NULL,5752035),(27,'JOAO CARLOS ARANTES COSTA JUNIOR','arantes_jr@yahoo.com.br','42364973368','1451488','',NULL,1,3,NULL,25437),(28,'ELIANE ALVES DA ROCHA','elianealvesdarocha@yahoo.com.br','03443448437','1466328','',NULL,2,3,50,25617),(29,'ANDERSON CLAYTON ALVES DE MELO','anderson@ufrnet.br','87652919487','1545410','',NULL,1,3,NULL,5752378),(30,'SANDI ITAMAR SCHAFER DE SOUZA','sandi@ufrnet.br','42635926034','1647050','',NULL,1,3,NULL,5753030),(31,'EDUARDO JOSE CIDADE CAVALCANTI','educanti@gmail.com','13685269852','1753416','',NULL,1,3,NULL,5753022),(32,'GABRIEL IVAN MEDINA TAPIA','gmedinat@ct.ufrn.br','00771013914','1770049','',NULL,1,3,NULL,5754367),(33,'LUIZ HENRIQUE PEREIRA GADELHA DE AMORIM','luizhpga@yahoo.com.br','07478467407','1770249','',NULL,2,3,23,5753374),(34,'ADILSON JOSE DE OLIVEIRA','adilson@ct.ufrn.br','24568216885','1792669','',NULL,1,3,NULL,5753542),(35,'ULISSES BORGES SOUTO','ubsouto@ct.ufrn.br','85600539649','1792681','',NULL,1,3,NULL,5753543),(36,'FABIO DALMAZZO SANCHES','dalmazzo@ct.ufrn.br','70244472300','1837132','',NULL,1,3,NULL,5753874),(37,'ALAN CESAR DOS SANTOS DANTAS','alan_cesardan@hotmail.com','07399756414','1958853','',NULL,2,3,53,5755383),(38,'ANDRE JESUS SOARES MAURENTE','amaurente@gmail.com','90795636091','2014591','',NULL,1,3,NULL,5755744),(39,'CARLOS MAGNO DE LIMA','cmagno@ufrnet.br','27185400449','2343264','',NULL,1,3,NULL,60551),(40,'FRANCISCO CANINDE DA SILVA JUNIOR','junior_ifrn@hotmail.com','09274793464','2395198','',NULL,2,3,138,5759265),(41,'THERCIO HENRIQUE DE CARVALHO COSTA','thercioc@ct.ufrn.br','03396191471','2550377','',NULL,1,3,NULL,5754638),(42,'FRANCINE ALVES DA COSTA','facosta@ct.ufrn.br','45327220478','2613355','',NULL,1,3,NULL,5753761),(43,'KLEIBER LIMA DE BESSA','klbessa@ct.ufrn.br','01864959436','2654020','',NULL,1,3,NULL,5754607),(44,'MARCIO VALERIO DE ARAUJO','marcio@ct.ufrn.br','00887489443','2718169','',NULL,1,3,NULL,5753661),(45,'HELOISA SILVA SOLINO DE SOUZA','heloisa@ct.ufrn.br','05125883417','3009671','',NULL,2,3,3,5759635),(46,'THIAGO CARDOSO DE SOUZA','tcardoso@ct.ufrn.br','22423563809','3061606','',NULL,1,3,NULL,5760270),(47,'SYNARA LUCIEN DE LIMA CAVALCANTI','SYNARA2004@HOTMAIL.COM','01190847400','3078532','',NULL,1,3,NULL,5760392),(48,'PEDRO LIMA PIMENTA','PEDROLIMAP@HOTMAIL.COM','10727212443','3086780','',NULL,2,3,3,5760436),(49,'RAPHAEL ARAUJO CARDOSO','RAPHA_2213@HOTMAIL.COM','02728469105','3138731','',NULL,1,3,NULL,5760940),(50,'ROMMEL SOARES DE ARAUJO','A.ROMMELSOARES@GMAIL.COM','10409889466','3151629','',NULL,1,3,NULL,5761058),(51,'GABRIEL DA SILVA LIMA','limagabriel@ufrn.edu.br','09551258479','3153425','',NULL,1,3,NULL,5761091),(52,'JONATHA WALLACE DA SILVA ARAUJO','JONATHA_WALLACE@HOTMAIL.COM','10398561443','3155051','',NULL,1,3,NULL,5761114),(53,'WILLIAM FERNANDES DE QUEIROZ','william@dem.ufrn.br','05787149491','3357809','',NULL,1,3,NULL,5753689),(54,'LUIZ CLAUDIO FERREIRA DA SILVA','eclaudio@ufrnet.br','79098630472','5220696','',NULL,1,3,NULL,5753561),(55,'PAULO WALDEMIRO SOARES CUNHA','pwsc@ufrnet.br','08879656449','345832','',NULL,1,4,NULL,16978),(56,'ENILSON MEDEIROS DOS SANTOS','enilson@isupercabo.com.br','13050249404','346279','',NULL,1,4,NULL,17413),(57,'LEONARDO FLAMARION MARQUES CHAVES','flamarionmchaves@gmail.com','02837501468','346779','',NULL,1,4,NULL,17907),(58,'ROBERTO JOSE DE MEDEIROS','rjdemedeiros@gmail.com','08621438453','347038','',NULL,1,4,NULL,18160),(59,'MOACIR GUILHERMINO DA SILVA','moacirufrn@yahoo.com.br','08792690491','347288','',NULL,1,4,NULL,18408),(60,'JOAO DE CARVALHO FILHO','jcfilho@ct.ufrn.br','11452226415','347560','',NULL,1,4,NULL,18674),(61,'JOAO BATISTA DUARTE','jbduart@ufrn.edu.br','27351432449','349581','',NULL,2,4,196,20684),(62,'VENERANDO EUSTAQUIO AMARO','venerandoamaro@gmail.com','35385839191','350698','',NULL,1,4,NULL,21794),(63,'CIBELE GOUVEIA COSTA CHIANCA','cibelegc@gmail.com','01174956461','1012116','',NULL,1,4,NULL,5758750),(64,'LAISE KELLEY LEMOS BARBOSA','LAISE@CT.UFRN.BR','00861482492','1032913','',NULL,1,4,NULL,5759172),(65,'VALTESON DA SILVA SANTOS','valtesomdasilva3@gmail.com','09294763447','1044428','',NULL,2,4,196,5761092),(66,'RUBENS EUGENIO BARRETO RAMOS','rubensramos@gmail.com','00907736750','1149370','',NULL,1,4,NULL,22742),(67,'LUIZ ALESSANDRO PINHEIRO DA CAMARA DE QUEIROZ','alessandro@ct.ufrn.br','47614935420','1149445','',NULL,1,4,NULL,22817),(68,'OLAVO FRANCISCO DOS SANTOS JUNIOR','olavo@ct.ufrn.br','35816384449','1149451','',NULL,1,4,NULL,22823),(69,'JOSE AIRTON CUNHA COSTA','airtoncunha4441@gmail.com','42166365434','1149530','',NULL,1,4,NULL,22902),(70,'MARCOS LACERDA ALMEIDA','mlacerda@ct.ufrn.br','24248690497','1149549','',NULL,1,4,NULL,22921),(71,'MAGDA MARIA PINHEIRO DE MELO','chefiadegabinete@reitoria.ufrn.br','67328300400','1149637','',NULL,1,4,NULL,23009),(72,'RONALDO ANGELINI','angelini@ct.ufrn.br','13958013805','1177742','',NULL,1,4,NULL,5753347),(73,'EDMILSON LIRA MADUREIRA','edmadurei@yahoo.com.br','16696131434','1211520','',NULL,1,4,NULL,23757),(74,'ADA CRISTINA SCUDELARI','ada@ct.ufrn.br','52265854972','1222082','',NULL,1,4,NULL,23906),(75,'SELMA HISSAE SHIMURA DA NOBREGA','shsnobrega@gmail.com','08494534882','1230149','',NULL,1,4,NULL,23937),(76,'LUCIO FLAVIO FERREIRA MOREIRA','lucio@ct.ufrn.br','37994476449','1242829','',NULL,1,4,NULL,24033),(77,'MARIA DEL PILAR DURANTE INGUNZA','durante@ct.ufrn.br','00871819406','1284389','',NULL,1,4,NULL,24225),(78,'VIVIANE REGINA RODRIGUES DE SENA','vrrsena@ufrn.edu.br','01356459480','1329411','',NULL,2,4,232,5758664),(79,'DIANA CARLA SECUNDO DA LUZ','dianasecundo@hotmail.com','83745173449','1330408','',NULL,1,4,NULL,5756349),(80,'JOEL ARAUJO DO NASCIMENTO NETO','joelneto@ct.ufrn.br','83991301415','1451817','',NULL,1,4,NULL,25443),(81,'SANDRO ARAUJO DA SILVA','sandro.asilva@gmail.com','03090349493','1466228','',NULL,2,4,49,25616),(82,'MARIA DAS VITORIAS VIEIRA ALMEIDA DE SA','pro-reitora@prograd.ufrn.br','52402444487','1507841','',NULL,1,4,NULL,37244),(83,'JOSE NERES DA SILVA FILHO','jneres@ect.ufrn.br','83729950606','1515200','',NULL,1,4,NULL,5753656),(84,'CARINA MAIA LINS COSTA','cmlins@gmail.com','82818819415','1524077','',NULL,1,4,NULL,5755478),(85,'FERNANDA RODRIGUES MITTELBACH','fernanda_mittelbach@ufrnet.br','07421809724','1612047','',NULL,1,4,NULL,5752304),(86,'KARINA PATRICIA VIEIRA DA CUNHA','cunhakpv@yahoo.com.br','00757656404','1662859','',NULL,1,4,NULL,5753340),(87,'OSVALDO DE FREITAS NETO','osvaldocivil@ufrn.edu.br','04738377493','1692497','',NULL,1,4,196,5757819),(88,'ALINE DA SILVA SANTOS','alinessan@hotmail.com','01102671410','1757681','',NULL,2,4,460,5753149),(89,'SANDRO RICARDO DA SILVA ANDRADE','sandroricardo75@hotmail.com','02354355467','1758437','',NULL,2,4,195,5753254),(90,'ADELENA GONCALVES MAIA','adelenam@gmail.com','93953356534','1759777','',NULL,1,4,NULL,5753103),(91,'HELIO RODRIGUES DOS SANTOS','heliordgs@gmail.com','75200252415','1759924','',NULL,1,4,NULL,5753107),(92,'VANESSA BECKER','becker.vs@gmail.com','71502076004','1764855','',NULL,1,4,NULL,5753343),(93,'NILTON LEITE DE SOUSA JUNIOR','niltonleitejr@hotmail.com','06776296480','1828829','',NULL,2,4,49,5753826),(94,'RADMILA SALVIANO FERREIRA','radmila.salviano@gmail.com','07324937497','1877047','',NULL,2,4,460,5758550),(95,'FRANCISCO ADRIANO DE ARAUJO','francisco@ct.ufrn.br','02096507456','1891124','',NULL,1,4,NULL,5754538),(96,'LIGIA RABAY MANGUEIRA ARAUJO','LIGI.RABAY@GMAIL.COM','08519003486','1930177','',NULL,1,4,NULL,5761097),(97,'LUIZA FERNANDES FREIRE MARIZ DE ARAUJO','luizafernandesmariz@yahoo.com.br','00820455423','1986494','',NULL,2,4,140,5755369),(98,'FAGNER ALEXANDRE NUNES DE FRANCA','fagnerfranca@ufrn.edu.br','01193429447','2085750','',NULL,1,4,NULL,5756335),(99,'JOANA DARC FREIRE DE MEDEIROS','joanadarc.medeiros@gmail.com','37643240400','2190974','',NULL,1,4,NULL,5757150),(100,'JAQUELIGIA BRITO DA SILVA','jaqueligia.ufrn@gmail.com','02585622428','2331385','',NULL,1,4,NULL,5753038),(101,'PAULO ALYSSON BRILHANTE FAHEINA DE SOUZA','pauloalyssonsouza@gmail.com','02209937426','2351540','',NULL,1,4,NULL,26246),(102,'FERNANDO SANCHEZ RODRIGUEZ','FERNANDO.SANCHEZ.ROD@GMAIL.COM','61514178362','2424013','',NULL,1,4,NULL,5759539),(103,'PAULO EDUARDO VIEIRA CUNHA','pauloeduardovc@gmail.com','03090194430','2550052','',NULL,1,4,NULL,5760311),(104,'YURI DANIEL JATOBA COSTA','ydjcosta@ct.ufrn.br','92610927487','2551234','',NULL,1,4,NULL,5752375),(105,'SILVANIA LUCAS DOS SANTOS','silvania_sls@hotmail.com','01957377330','3057847','',NULL,1,4,NULL,5760202),(106,'CARLOS WILMER COSTA','CARLOSWILMERCOSTA@GMAIL.COM','03349394612','3060504','',NULL,1,4,NULL,5760228),(107,'RAFAEL PACHECO FERNANDES DE NEGREIROS','RAFAELPNEGREIROS@HOTMAIL.COM','06908401448','3085126','',NULL,2,4,12,5760406),(108,'GIOVANA CRISTINA SANTOS DE MEDEIROS','GIOVANACSM@YAHOO.COM.BR','06704989471','3089275','',NULL,1,4,NULL,5760466),(109,'ECKHARD MOZART BEZERRA DA COSTA','MOZARTBEZERRA@HOTMAIL.COM','08819817454','3139060','',NULL,1,4,NULL,5760953),(110,'ISAIAS DA SILVA RIBEIRO','isaias_ribeiro@uol.com.br','40640175449','3566112','',NULL,1,4,NULL,5755451),(111,'JULIANA DELGADO TINOCO','julianatinoco@ct.ufrn.br','56583354420','3919045','',NULL,1,4,NULL,5758848),(112,'MICHELINE DAMIAO DIAS MOREIRA','michelineddm@hotmail.com','77937651415','4213130','',NULL,1,4,NULL,5753631),(113,'KARLA SUSANNA CORREIA CAVALCANTI DE ALBUQUERQUE','karlarq@gmail.com','65564642449','4363438','',NULL,1,4,NULL,5755925),(114,'MANOEL LUCAS FILHO','manoel.lucasfilho@gmail.com','06704816453','6345791','',NULL,1,4,NULL,5755584),(115,'FRED GUEDES CUNHA','fredguedes@hotmail.com.br','20220138400','6347893','',NULL,1,4,NULL,26505),(116,'MARIZO VITOR PEREIRA','marizovitor@yahoo.com.br','12669814468','346512','',NULL,1,5,NULL,17642),(117,'PAULO HEIDER FORTE FEIJO','pheider2000@yahoo.com.br ','05907349387','346578','',NULL,1,5,NULL,17706),(118,'EUGENIO MARIANO FONSECA DE MEDEIROS','eugenio_arq@yahoo.com.br','09452168404','346983','',NULL,1,5,NULL,4311300),(119,'AMADJA HENRIQUE BORGES','amadjaufrn@gmail.com','12381195491','347575','',NULL,1,5,NULL,18689),(120,'ANGELA LUCIA DE ARAUJO FERREIRA','angela@ct.ufrn.br','04242572115','347654','',NULL,1,5,NULL,18767),(121,'EDJA BEZERRA FARIA TRIGUEIRO','edja_trigueiro@ct.ufrn.br','18092276404','350255','',NULL,1,5,NULL,21355),(122,'SHEILA OLIVEIRA DE CARVALHO','sheila@ufrnet.br','42967082449','350279','',NULL,2,5,192,21379),(123,'RUTH MARIA DA COSTA ATAIDE','rataide_58@hotmail.com','13108867415','350489','',NULL,1,5,NULL,21589),(124,'MARIA DULCE PICANCO BENTES SOBRINHA','dubentes@gmail.com','26135965468','350504','',NULL,1,5,NULL,21604),(125,'CARLOS ALBERTO DA SILVEIRA FERNANDES','kalbertofernandes@gmail.com','19972954404','350620','',NULL,2,5,127,21717),(126,'JESONIAS DA SILVA OLIVEIRA','jesonias@bol.com.br','15594483420','350639','',NULL,1,5,NULL,21736),(127,'MARIZE BRITO SILVA CAMARA DE QUEIROZ','marizebs@ct.ufrn.br','53806620482','350816','',NULL,2,5,11,21911),(128,'RUBENILSON BRAZAO TEIXEIRA','rubenilson.teixeira@gmail.com','52290980404','1149450','',NULL,1,5,NULL,22822),(129,'GLEICE VIRGINIA MEDEIROS DE AZAMBUJA ELALI','gleiceae@gmail.com','30804884404','1149643','',NULL,1,5,NULL,23015),(130,'ELTON CORTES ROCHA SIQUEIRA FILHO','ELTON_CIVIL@YAHOO.COM.BR','07101743498','1150940','',NULL,1,5,NULL,5760331),(131,'PETRUS GORGONIO BULHOES DA NOBREGA','petrus.nobrega@gmail.com','51328704491','1217836','',NULL,1,5,NULL,23842),(132,'MAISA FERNANDES DUTRA VELOSO','maisaveloso@gmail.com','33559066468','1298938','',NULL,1,5,NULL,24346),(133,'JOSE CLEWTON DO NASCIMENTO','jotaclewton@gmail.com','52451887320','1345114','',NULL,1,5,NULL,5754362),(134,'ALDOMAR PEDRINI','apedrini@ufrnet.br','75042142991','1454154','',NULL,1,5,NULL,25520),(135,'RICARDO DE SOUSA MORETTI','ufabc.moretti@gmail.com','01053690800','1563994','',NULL,1,5,NULL,5760196),(136,'MARIA HELENA ANDRADE FERREIRA DE MELO','setemelo@outlook.com','07185020433','1610604','',NULL,2,5,198,5753839),(137,'EDNA MOURA PINTO','emourapinto@gmail.com','14594952844','1694892','',NULL,1,5,NULL,5752496),(138,'GEORGE ALEXANDRE FERREIRA DANTAS','georgeafdantas@gmail.com','91582610444','1720813','',NULL,1,5,NULL,5752794),(139,'HELIO TAKASHI MACIEL DE FARIAS','htmfarias@gmail.com','04656947482','1803570','',NULL,1,5,NULL,5753647),(140,'SOLANGE VIRGINIA GALARCA GOULART','aasolange@hotmail.com','46912517072','1804939','',NULL,1,5,NULL,5753669),(141,'GLAUCE LILIAN ALVES DE ALBUQUERQUE','glauce.lilian@gmail.com','66346630415','2140673','',NULL,1,5,NULL,5756800),(142,'MONICA MARIA FERNANDES DE LIMA','monicamfl@ufrnet.br','20221355472','2177970','',NULL,1,5,NULL,25984),(143,'VERONICA MARIA FERNANDES DE LIMA','verolima04@gmail.com','67283705449','2306271','',NULL,1,5,NULL,5752388),(144,'AMIRIA BEZERRA BRASIL','amiriabrasil@gmail.com','61976873304','2318817','',NULL,1,5,NULL,5758475),(145,'HEITOR DE ANDRADE SILVA','heitor.andrade@ufrn.abea.arq.br','56583125404','2508732','',NULL,1,5,NULL,5758399),(146,'ADRIANA CARLA DE AZEVEDO BORBA','ADRIANABORBA@UNIFACEX.EDU.BR','02924138400','2691676','',NULL,1,5,NULL,5760376),(147,'VERNER MAX LIGER DE MELLO MONTEIRO','vernermonteiro@yahoo.com.br','05303046435','2886900','',NULL,1,5,NULL,5759372),(148,'MARCELA DE MELO GERMANO DA SILVA JANKOVIC','MARCELAMGERMANO@GMAIL.COM','01308180462','3073202','',NULL,1,5,NULL,5760379),(149,'LUCIANA DE MEDEIROS','medeiros.luciana@outlook.com','03064086430','3105236','',NULL,1,5,NULL,5759607),(150,'EMANUEL RAMOS CAVALCANTI','emanuel.cavalcanti.au@gmail.com','73798886334','3122924','',NULL,1,5,NULL,5760869),(151,'LORRAINE OLIVEIRA TABOSA DO EGITO','LORRAINE.OLIVEIRA@YAHOO.COM.BR','01318194458','3147401','',NULL,1,5,NULL,5761025),(152,'SOPHIA MEIRELLES DA MOTTA FERNANDES','SOPHIAMMF@HOTMAIL.COM','05841785494','3149292','',NULL,1,5,NULL,5761039),(153,'BIANCA CARLA DANTAS DE ARAUJO','dantasbianca@gmail.com','03144094404','3549781','',NULL,1,5,NULL,5755413),(154,'RENATO DE MEDEIROS','renatomedeirosarquitetura@gmail.com','00832924466','3804157','',NULL,1,5,NULL,5760236),(155,'SANDRA ALBINO RIBEIRO','SANDRA@ESPACOQUATRE.COM','05201505465','3868306','',NULL,1,5,NULL,5760112),(156,'EUNADIA SILVA CAVALCANTE','eunadia@supercabo.com.br','59618132404','5177271','',NULL,1,5,NULL,5753641),(157,'PAULO JOSE LISBOA NOBRE','nobre.p@gmail.com','52290085472','7350306','',NULL,1,5,NULL,26646),(158,'JOSE IVONILDO DO REGO','','05585945491','346139','',NULL,1,6,NULL,17275),(159,'MANOEL FIRMINO DE MEDEIROS JUNIOR','firmino@dca.ufrn.br','09615687472','346287','',NULL,1,6,NULL,17421),(160,'PAULO SERGIO DA MOTTA PIRES','pmotta@dca.ufrn.br','10818936487','347052','',NULL,1,6,NULL,4308385),(161,'RICARDO FERREIRA PINHEIRO','ricpinh@ufrnet.br','10592709434','347427','',NULL,1,6,NULL,18543),(162,'AMALUSIA OLIVEIRA BEZERRA DE ARAUJO','amalusia@dca.ufrn.br','10670882453','347507','',NULL,2,6,174,18621),(163,'ADRIAO DUARTE DORIA NETO','adriao@dca.ufrn.br','10749896434','347628','',NULL,1,6,NULL,18741),(164,'ANDRE LAURINDO MAITELLI','maitelli@dca.ufrn.br','42046637100','350693','',NULL,1,6,NULL,21790),(165,'ADELARDO ADELINO DANTAS DE MEDEIROS','adelardo@dca.ufrn.br','44418620400','350751','',NULL,1,6,NULL,21846),(166,'ANDRES ORTIZ SALAZAR','ANDRES@DCA.UFRN.BR','51618362968','1149567','',NULL,1,6,NULL,22939),(167,'FRANCISCO DAS CHAGAS MOTA','mota@dca.ufrn.br','39276066420','1149639','',NULL,1,6,NULL,23011),(168,'LUIZ AFFONSO HENDERSON GUEDES DE OLIVEIRA','affonso@dca.ufrn.br','21929564287','1153006','',NULL,1,6,NULL,23033),(169,'PABLO JAVIER ALSINA','pablo@dca.ufrn.br','42487455420','1242315','',NULL,1,6,NULL,23956),(170,'AGOSTINHO DE MEDEIROS BRITO JUNIOR','ambj@dca.ufrn.br','87830574472','1279464','',NULL,1,6,NULL,24165),(171,'SEBASTIAN YURI CAVALCANTI CATUNDA','catundaz@gmail.com','76867668453','1284113','',NULL,1,6,NULL,5753987),(172,'CARLOS EDUARDO TRABUCO DOREA','cetdorea@dca.ufrn.br','55768245553','1328152','',NULL,1,6,NULL,5753695),(173,'LUIZ MARCOS GARCIA GONCALVES','lmarcos@dca.ufrn.br','32541457120','1345674','',NULL,1,6,NULL,24792),(174,'JEAN MARIO MOREIRA DE LIMA','jean@dca.ufrn.br','08596698400','1374361','',NULL,2,6,281,5759248),(175,'FABIO MENEGHETTI UGULINO DE ARAUJO','meneghet@dca.ufrn.br','82675090468','1451883','',NULL,1,6,NULL,25444),(176,'LUIZ FELIPE DE QUEIROZ SILVEIRA','lfelipeqs@gmail.com','02863206494','1543191','',NULL,1,6,NULL,5753710),(177,'SAMUEL XAVIER DE SOUZA','samuel@dca.ufrn.br','82838607472','1673543','',NULL,1,6,NULL,5752286),(178,'DANIEL ALOISE','aloise@gmail.com','03553729406','1746084','',NULL,1,6,NULL,5752965),(179,'MARCELO AUGUSTO COSTA FERNANDES','mfernandes@dca.ufrn.br','02099790469','1837240','',NULL,1,6,NULL,5753848),(180,'DIEGO ANTONIO DE MOURA FONSECA','diego_moura13@yahoo.com.br','04748851430','1856480','',NULL,2,6,281,5754078),(181,'JOAO PAULO FERREIRA CANDIDO','joaopaulofcrn@gmail.com','07622479403','2064756','',NULL,2,6,295,5756147),(182,'FLAVIO HILDEMBERG DA SILVA GAMELEIRA','flavio@dca.ufrn.br','02710792400','2088428','',NULL,2,6,282,5756395),(183,'FABRICIO ROOSEVELT MELO DA SILVA','fabricio@dca.ufrn.br','02338244486','2208357','',NULL,2,6,302,5757253),(184,'CARLOS MANUEL DIAS VIEGAS','viegas@dca.ufrn.br','05100825480','2249146','',NULL,1,6,NULL,5757700),(185,'DIOGO PINHEIRO FERNANDES PEDROSA','diogo@dca.ufrn.br','02199024458','2452782','',NULL,1,6,NULL,5753097),(186,'ANDERSON LUIZ DE OLIVEIRA CAVALCANTI','anderson@dca.ufrn.br','02795948443','2453033','',NULL,1,6,NULL,5752548),(187,'ANDRE HENRIQUE MATIAS PIRES','andrepires@dca.ufrn.br','09298988427','3037391','',NULL,2,6,281,5759937),(188,'SERGIO NATAN SILVA','sergionatan@dca.ufrn.br','08852109480','3046428','',NULL,1,6,NULL,5760123),(189,'PEDRO YOCHINORI GUSHIKEN','PEDROGUSH@GMAIL.COM','08201044428','3060990','',NULL,1,6,NULL,5760249),(190,'ISLAME FELIPE DA COSTA FERNANDES','islamifelipe@gmail.com','08750845403','3104443','',NULL,1,6,NULL,5760605),(191,'RONILDO PINHEIRO DE ARAUJO MOURA','RONILDOAMOURA@GMAIL.COM','00035445327','3146574','',NULL,1,6,NULL,5761015),(192,'THALES QUEIROZ FONSECA','thales.queiroz@dca.ufrn.br','07415321405','3157048','',NULL,1,6,NULL,5761133),(193,'LOUELSON AFRANIO LEUGIRDES DE AZEVEDO CAVALCANTI COSTA','louelson.costa@dca.ufrn.br','09014255403','3160060','',NULL,1,6,NULL,5761182),(194,'GILSON GOMES DE MEDEIROS','profgilsonmedeiros@gmail.com','19989849404','277058','',NULL,1,7,NULL,15493),(195,'CARLSON PEREIRA DE SOUZA','carlson@ufrnet.br','13681389420','349801','',NULL,1,7,NULL,20904),(196,'MARIA DE FATIMA DANTAS DE MEDEIROS','mfatimadmedeiros@gmail.com','41294734415','349802','',NULL,1,7,NULL,20905),(197,'JOAO FERNANDES DE SOUSA','','12270202449','350247','',NULL,1,7,NULL,21347),(198,'JOAO BATISTA SOUSA COSTA','jbsc01@yahoo.com.br','29730600368','350841','',NULL,2,7,107,21936),(199,'DANUZIA PINTO DA SILVA','danepinto@gmail.com','52294242491','1149306','',NULL,2,7,80,22678),(200,'PAGANDAI VAITHIANATHAN PANNIR SELVAM','pannirbr@gmail.com','23015560344','1149349','',NULL,1,7,NULL,22721),(201,'OSVALDO CHIAVONE FILHO','osvaldo@eq.ufrn.br','08580772800','1149554','',NULL,1,7,NULL,22926),(202,'THYRONE BARBOSA DOMINGOS','thyrone@eq.ufrn.br','44439920497','1149607','',NULL,2,7,107,22979),(203,'LIANA FRANCO PADILHA','LIANA_PADILHA@YAHOO.COM','99752905072','1218001','',NULL,1,7,NULL,5760956),(204,'VANJA MARIA DE FRANCA BEZERRA','vanja@eq.ufrn.br','41227883404','1224101','',NULL,1,7,NULL,23918),(205,'ROBERTA TARGINO HOSKIN','ROBERTA@EQ.UFRN.BR','84702885472','1246737','',NULL,1,7,NULL,24047),(206,'FRANCISCO PAULINO DA SILVA','franciscopaulinos@yahooo.com.br','36965618434','1255514','',NULL,2,7,107,24064),(207,'GILMAR ALEXANDRE GUEDES JUNIOR','GILMAR_GUEDESJR@HOTMAIL.COM','07275179458','1275587','',NULL,2,7,182,5759532),(208,'EDUARDO LINS DE BARROS NETO','eduardo@eq.ufrn.br','59545844434','1308273','',NULL,1,7,NULL,24414),(209,'BEATRIZ DE CASSIA MARTINS SALOMAO','beatrizsalomao@hotmail.com','71174567600','1333415','',NULL,1,7,NULL,5753706),(210,'EVERALDO SILVINO DOS SANTOS','everaldo@eq.ufrn.br','87510383404','1346198','',NULL,1,7,NULL,24802),(211,'LARISSA CARVALHO PEREIRA','larissacarvalhopereira1@gmail.com','00238095312','1393820','',NULL,2,7,25,5760198),(212,'ANDREA OLIVEIRA NUNES','andreaoliveira_n@hotmail.com','06099058486','1415657','',NULL,1,7,NULL,5760246),(213,'KATHERINE CARRILHO DE OLIVEIRA','katherine@eq.ufrn.br','06549337402','1415919','',NULL,1,7,NULL,5760988),(214,'MARCIA REGINA DA SILVA PEDRINI','marcia.pedrini@eq.ufrn.br','85203513953','1517220','',NULL,1,7,NULL,64329),(215,'CAMILA GAMBINI PEREIRA','camila@eq.ufrn.br','27111541812','1543286','',NULL,1,7,NULL,2289300),(216,'JACKSON ARAUJO DE OLIVEIRA','jackson@eq.ufrn.br','65331060587','1547970','',NULL,1,7,NULL,3030594),(217,'DOMINGOS FABIANO DE SANTANA SOUZA','domingos@eq.ufrn.br','90595920500','1584174','',NULL,1,7,NULL,5752220),(218,'HUMBERTO NEVES MAIA DE OLIVEIRA','humberto@eq.ufrn.br','22179763468','1670497','',NULL,1,7,NULL,5755477),(219,'RAFAEL EUGENIO MOURA RAMOS','rafael@ct.ufrn.br','05994407402','1757845','',NULL,2,7,7,5753123),(220,'KATIA NICOLAU MATSUI','katiamatsui@gmail.com','26114671880','1803301','',NULL,1,7,NULL,5753618),(221,'ALLYNE MAYARA DE MEDEIROS BEZERRA','allyne.mayara@hotmail.com','06537851432','1883543','',NULL,2,7,187,5754380),(222,'MAYARA DE OLIVEIRA LESSA','mayaralessa@gmail.com','06108524421','2062346','',NULL,2,7,143,5756102),(223,'SEBASTIAO RIBEIRO FERREIRA','SebastiaoRibeiroFerreira69@gmail.com','27345386600','2307830','',NULL,1,7,NULL,26178),(224,'MAGNA ANGELICA DOS SANTOS BEZERRA SOUSA','magnelica@eq.ufrn.br','02014315485','2668814','',NULL,1,7,NULL,5755039),(225,'ANDRE LUIS LOPES MORIYAMA','allmoriyama@eq.ufrn.br','06663278401','2929066','',NULL,1,7,NULL,5757116),(226,'WALESKA RAYANE DANTAS BEZERRA DE MEDEIROS','waleskanane@hotmail.com','08084023403','3007936','',NULL,2,7,185,5759340),(227,'ANITA MARIA DE LIMA','ANITA.LIMA@GMAIL.COM','59763981468','3141362','',NULL,1,7,NULL,5760967),(228,'PAULA FABIANE PINHEIRO DO NASCIMENTO','PAULA_FABIANE@HOTMAIL.COM','06897780405','3151141','',NULL,1,7,NULL,5761051),(229,'MARIA CARLENISE PAIVA DE ALENCAR MOURA','carlenise@nupeg.ufrn.br','21414130368','6292988','',NULL,2,7,107,26329),(230,'MARCUS ANTONIO DE FREITAS MELO','mafm.ufrn@gmail.com','04514998320','6347420','',NULL,1,7,NULL,5756710),(231,'CRISTIANE PARPINELLI DA SILVA CHAVES','CRISTIANE.PARPINELLI@GMAIL.COM','00910016763','6980779','',NULL,2,7,107,5759552),(232,'WILSON MARTINS DA COSTA','wmcosta.385@gmail.com','18286097491','277412','',NULL,2,8,565,15525),(233,'LAURO PINHEIRO FILHO','LAUROPINHEIRO@UFRNET.BR','10758879415','347506','',NULL,2,8,115,18620),(234,'JOSE SANTANA DA SILVA','santannaufrn@gmail.com','15657710444','348441','',NULL,2,8,65,19551),(235,'ALEX RODRIGUES BEZERRA','alex_rzb@yahoo.com.br','23106891491','348544','',NULL,2,8,65,19652),(236,'MARIA DAS GRACAS GOMES','gomes.3877@hotmail.com','22183167491','348623','',NULL,2,8,5,19731),(237,'JOAO FERNANDES FONSECA','joaoctufrn@yahoo.com.br','35114746472','350052','',NULL,2,8,145,21155),(238,'DAMASCENO ARAUJO DA SILVA','gerenteesportivo@hotmail.com','20207093415','350126','',NULL,2,8,8,21229),(239,'IEDA SALVIANO DE OLIVEIRA','ieda@ufrnet.br','04798414387','350271','',NULL,2,8,115,21371),(240,'AUNIEBSON DE OLIVEIRA FREIRE','auniebson@gmail.com','78589517420','350821','',NULL,2,8,145,21916),(241,'CARINA PESSOA SANTOS','cpsantos@ct.ufrn.br','06380041443','1038488','',NULL,2,8,112,5757781),(242,'GENIVAL GOMES DE PONTES','','29714478472','1149087','',NULL,2,8,145,22459),(243,'ROSENEIDE MARIA PALHARES','rosempalhares@gmail.com','65445058468','1149299','',NULL,2,8,145,22671),(244,'MOUSANIEL PEREIRA DE ARAUJO','mousaniel201@hotmail.com','65386035487','1149322','',NULL,2,8,145,22694),(245,'JOANA DARC DE SOUZA','darc.sena@yahoo.com.br','21557403449','1149425','',NULL,2,8,565,22797),(246,'GEANEIDE SANTOS DE LIMA','geaneidel@hotmail.com','48174734449','1261868','',NULL,2,8,11,24076),(247,'DACIFRAN CAVALCANTI CARVALHO','ccea@ct.ufrn.br','67153828400','1453902','',NULL,2,8,276,25505),(248,'JOSE CARLOS DOS SANTOS NETO','jcarlossn@ct.ufrn.br','13064908472','1483485','',NULL,2,8,37,25751),(249,'VERA LUCIA DE OLIVEIRA','veraoliveira.ct.ufrn@gmail.com','67624758920','1526326','',NULL,2,8,373,115054),(250,'JAILSON DA COSTA PONTES','jailsonpontes1@yahoo.com.br','79217834491','1619482','',NULL,2,8,112,5752037),(251,'ANDRE TAVARES DUARTE','andre.ti@ct.ufrn.br','05830420406','1641162','',NULL,2,8,64,5755209),(252,'ERICKA LUANA GOMES DA COSTA CORTEZ','kinha_1982@yahoo.com.br','91593727453','1669008','',NULL,2,8,5,5752086),(253,'EMERSON AZEVEDO DO NASCIMENTO','emerson_ean@yahoo.com.br','02814440489','1669262','',NULL,2,8,254,5752100),(254,'SAINT CLAIR PALMIER DAMASCENO DE MORAIS','spdm2008@gmail.com','02837699470','1669283','',NULL,2,8,145,5752101),(255,'VALBER CESAR CAVALCANTI ROZA','valbercesar@gmail.com','05220370464','1728690','',NULL,2,8,260,5752895),(256,'LORENA CORDULA PINHEIRO','lorenacordula@gmail.com','06831215459','1757126','',NULL,2,8,64,5753162),(257,'ALISSON DE SOUSA LIMA','allisson_lima@hotmail.com','05289387463','1757470','',NULL,2,8,14,5753148),(258,'ERICK SHARLLS RAMOS DE PONTES','erick@ct.ufrn.br','07617017456','1757675','84991612842','1989-10-04',2,8,64,NULL),(259,'PAULA DE MOURA ESTEVAO PEROBA','PAULAPEROBA@GMAIL.COM','01412084490','1833963','',NULL,2,8,108,5755152),(260,'YURI GRANGEIRO DE SOUSA','yuridesousa@hotmail.com','06143391467','1856749','',NULL,2,8,66,5754075),(261,'JULIO CESAR LEONCIO DA SILVA','juliotads@gmail.com','00841124418','1865091','',NULL,2,8,64,5754272),(262,'RAIANO TAVARES DE OLIVEIRA','raianotavares@gmail.com','04920820496','1884048','',NULL,2,8,18,5754391),(263,'AIRTON SERGIO DA SILVA COSTA','airtchom@gmail.com','06918801406','1918270','',NULL,2,8,19,5754700),(264,'AMANDA FARIAS GALVAO SANTOS','amanda_fgs@yahoo.com.br','06685294400','1919239','',NULL,2,8,145,5754731),(265,'LAURO KIRSCH JUNIOR','lauro.kirsch@gmail.com','02702863140','2050618','',NULL,2,8,64,5755953),(266,'AMANDA SOUSA ARAUJO','amandas.a43@hotmail.com','09220339943','2063278','',NULL,2,8,15,5756113),(267,'PEDRO GUSTAVO CAMARA DA SILVA','pedrogugacamara@hotmail.com','07352961461','2087400','',NULL,2,8,26,5756355),(268,'GERVASIO ARAUJO SOUTO NETO','gervasiosouto@gmail.com','05851626461','2124761','',NULL,2,8,562,5756726),(269,'WALANNE KARLA CAMPOS DUARTE COSTA','walanne@gmail.com','03525365438','2318822','',NULL,2,8,37,5758476),(270,'TIAGO DOS SANTOS FREIRE','sfreiretiago@gmail.com','10185168400','2370349','',NULL,2,8,NULL,5758827),(271,'JESSYCA DE SOUSA GONCALVES','JESSYCA_GONCALVES@HOTMAIL.COM','08430117423','2395664','',NULL,2,8,563,5759280),(272,'LADDYLA THUANNY VITAL BEZERRA','laddyla@ufrn.edu.br','05893014464','2398557','',NULL,2,8,562,5759308),(273,'ANDRETTI DE LIMA DARI','andretti_ld@hotmail.com','01553767489','2398564','',NULL,2,8,114,5759309),(274,'PEDRO ISAAC XIMENES LOPES','pedro_isaac@ct.ufrn.br','01204784477','2459773','',NULL,2,8,112,5752148),(275,'THIAGO MATIAS DE SOUSA ARAUJO','thiagoaraujo@ct.ufrn.br','01239026498','2662535','',NULL,2,8,112,5760144),(276,'JEANDSON WILLCK NOGUEIRA DE MACEDO','JEANDSON_UFRN@HOTMAIL.COM','05102366424','3010166','',NULL,2,8,562,5759654),(277,'ESDRAS CAVALCANTE DE MENEZES SANTOS','esdrascavalcante@ct.ufrn.br','04371740421','3010955','',NULL,2,8,262,5759673),(278,'MARIA THEREZA PEREIRA MONTENEGRO','therezamontenegro@gmail.com','08404603413','3036869','',NULL,2,8,22,5759934),(279,'VITOR HENRIQUE DE OLIVEIRA AZEVEDO','vhoazevedo@ct.ufrn.br','70022213457','3054962','',NULL,2,8,565,5760184),(280,'JACIARA SILVA DE ARAUJO','jaciaraujo@ufrn.edu.br','06785686423','3085811','',NULL,2,8,37,5760418),(281,'RAYFE MURILO BRAZ DA COSTA','rayfe-murilo@hotmail.com','10203254457','3133249','',NULL,2,8,414,5760902),(282,'NAYARA SUASSUNA DA SILVA','NAYARASUASSUNA@OUTLOOK.COM','05669137477','3133894','',NULL,2,8,13,5760912),(283,'FREDERICO LEMOS DOS SANTOS','lemos.frederico@gmail.com','20234791420','336527','',NULL,2,27,203,15557),(284,'ABMAEL BEZERRA DE OLIVEIRA','abmael@ct.ufrn.br','04394232449','345783','',NULL,1,27,NULL,16930),(285,'JOSE TAVARES DE OLIVEIRA','jtodiva@gmail.com','05768632468','346989','',NULL,1,27,NULL,18112),(286,'JOSE ALBERTO NICOLAU DE OLIVEIRA','nicolau@ufrnet.br','09612890404','347065','',NULL,1,27,NULL,18187),(287,'MARCOS ANTONIO DIAS DE ALMEIDA','mad@ufrnet.br','10611975491','347428','',NULL,1,27,NULL,18544),(288,'JOSE LUIZ DA SILVA JUNIOR','joseluiz@ct.ufrn.br','09050990444','347429','',NULL,1,27,NULL,18545),(289,'CAIO DORNELES CUNHA','dorneles@ufrnet.br','10631267468','347564','',NULL,1,27,NULL,18678),(290,'JOAO MARIA DE MELO','jmmelo05@yahoo.com.br','14066165400','349299','',NULL,2,27,203,20405),(291,'KATIA REGINA GOMES DE OLIVEIRA','kate@ct.ufrn.br','36007480410','349914','',NULL,2,27,141,21017),(292,'SONIA MARIA MACHADO PRADO','soninhaprado@yahoo.com.br','44419236434','349961','',NULL,2,27,141,21064),(293,'PAULO SEXTO DE MEDEIROS','paulosexto2017@hotmail.com','52348911434','350785','',NULL,2,27,57,21880),(294,'PETRONIO VIEIRA DE ALBUQUERQUE','vieirapetronio@yahoo.com','07534922291','702078','',NULL,2,27,57,22085),(295,'MAX CHIANCA PIMENTEL FILHO','maxchianca@ct.ufrn.br','66368430478','1045672','',NULL,1,27,NULL,5758000),(296,'JOSE ALFREDO FERREIRA COSTA','jafcosta@gmail.com','53820126449','1142787','',NULL,1,27,NULL,22206),(297,'FERNANDO JOSE OLIVEIRA DE AMORIM','fj1000@gmail.com','49046578453','1149336','',NULL,1,27,NULL,22708),(298,'THIAGO DE OLIVEIRA ALVES ROCHA','TOAR37@HOTMAIL.COM','06175975456','1168362','',NULL,1,27,NULL,5759382),(299,'RICARDO LUCIO DE ARAUJO RIBEIRO','rlucio@ct.ufrn.br','31804683434','1196444','',NULL,1,27,NULL,23658),(300,'MOISES SANTOS DA SILVA','falecomigo@drmoisessantos.com','91560993472','1215255','',NULL,2,27,203,23824),(301,'JOSE PATROCINIO DA SILVA','patroc.silva@gmail.com','67160042468','1422265','',NULL,1,27,NULL,5755520),(302,'KARLA CRISTINA TAVARES COSTA','karlainfraufrn@yahoo.com.br','97036293420','1466559','',NULL,2,27,479,25631),(303,'KURIOS IURI PINHEIRO DE MELO QUEIROZ','kuriosiuri@yahoo.com.br','01187266418','1577068','',NULL,1,27,NULL,5753882),(304,'LUCIANO SALES BARROS','lsalesbarros@dee.ufrn.br','02986758460','1597497','',NULL,1,27,NULL,5754313),(305,'ARRHENIUS VINICIUS DA COSTA OLIVEIRA','arrhenius@ct.ufrn.br','02796298426','1637588','',NULL,1,27,NULL,5754278),(306,'VINCENT PATRICK MARIE BOURGUET','bourguet@ct.ufrn.br','01616313471','1748761','',NULL,1,27,NULL,5752980),(307,'VALENTIN OBAC RODA','valentin@ct.ufrn.br','59464305800','1837410','',NULL,1,27,NULL,5753853),(308,'THAMYRES TAMULLA CAVALCANTE PALITO','THAMYRESTAMULLA@CT.UFRN.BR','07326965420','1976570','',NULL,1,27,NULL,5760868),(309,'FRANCISCO ALAN DA SILVA MONTEIRO','francisco.adsmonteiro@gmail.com','07135993403','1986267','',NULL,2,27,57,5755375),(310,'DIOMADSON RODRIGUES BELFORT','diomadson@imd.ufrn.br','81292724315','2140683','',NULL,1,27,NULL,5756799),(311,'FELIPE DE SOUZA PINHEIRO','MSC.FELIPEPINHEIRO@GMAIL.COM','05140910454','2247492','',NULL,1,27,NULL,5760199),(312,'SAMAHERNI MORAIS DIAS','sama@ufrn.edu.br','03199668445','2566657','',NULL,1,27,NULL,5753099),(313,'ALLAN DE MEDEIROS MARTINS','ALLAN@DCA.UFRN.BR','01979076448','2579664','',NULL,1,27,NULL,5751838),(314,'CARLOS YURI FERREIRA SILVA','CARLOSYURISILVA@GMAIL.COM','12903217793','3088731','',NULL,1,27,NULL,5760462),(315,'ANTONIO WALLACE ANTUNES SOARES','wallace.ufrn@gmail.com','07931749456','3157135','',NULL,1,27,NULL,5760979),(316,'CRISLUCI KARINA SOUZA SANTOS CANDIDO','crisluci@ct.ufrn.br','02599203473','3524391','',NULL,1,27,NULL,5753408),(317,'JOELTON FONSECA BARBOSA','joeltonfb@gmail.com','06428432447','1086657','',NULL,1,28,NULL,5761075),(318,'FERNANDA CRISTINA BARBOSA PEREIRA QUEIROZ','fernandacbpereira@gmail.com','97513598649','1148696','',NULL,1,28,NULL,5752685),(319,'VEDER RALFH FERNANDES DE MEDEIROS','vedermedeiros@gmail.com','42309786420','1149448','',NULL,1,28,NULL,22820),(320,'REIDSON PEREIRA GOUVINHAS','reidson@ct.ufrn.br','75065673772','1169093','',NULL,1,28,NULL,23177),(321,'WATTSON JOSE SAENZ PERALES','wattson@ct.ufrn.br','76914526400','1216931','',NULL,1,28,NULL,23834),(322,'RICARDO JOSE MATOS DE CARVALHO','rijmatos@gmail.com','67682871415','1217772','',NULL,1,28,NULL,5752813),(323,'ARTHUR HARRY FREDERICO RIBEIRO KRAMER','arthur.kramer@ct.ufrn.br','08081754407','1225805','',NULL,1,28,NULL,5761121),(324,'JESUS LEODALY SALAZAR ARAMAYO','salazarjesus@hotmail.com','01019332409','1330544','',NULL,1,28,NULL,24702),(325,'MARCO ANTONIO LEANDRO CABRAL','MCABRAL2014@GMAIL.COM','66485371400','1378360','',NULL,1,28,NULL,5760243),(326,'CLAUDIA APARECIDA CAVALHEIRO FRANCISCO','claudia@ct.ufrn.br','06994141802','1494715','',NULL,1,28,NULL,25852),(327,'PAULA DE OLIVEIRA FERREIRA','paulaproducao@hotmail.com','03603619439','1669004','',NULL,2,28,24,5752085),(328,'JAMERSON VIEGAS QUEIROZ','viegasqueiroz@gmail.com','39367398204','1714250','',NULL,1,28,NULL,5752667),(329,'CILIANA REGINA COLOMBO','cilianacolombo@gmail.com','60910305900','1723208','',NULL,1,28,NULL,5752812),(330,'MARIANA RODRIGUES DE ALMEIDA','almeidamariana@yahoo.com','03411971495','1777131','',NULL,1,28,NULL,5753407),(331,'JOSE MEDEIROS DE CARVALHO NETO','ufrn.dep@gmail.com','01484381483','1823455','',NULL,2,28,28,5755574),(332,'FABRICIA GONCALVES DE CARVALHO','fabriciagc@gmail.com','54727766434','1848513','',NULL,1,28,NULL,5754325),(333,'MARCO ANTONIO DANTAS DE SOUZA','marcosouza@ct.ufrn.br','04773835729','1849595','',NULL,1,28,NULL,5757094),(334,'WERNER KLEYSON DA SILVA SOARES','werner.soares@gmail.com','91445671468','1961061','',NULL,1,28,NULL,5755045),(335,'RAUL MARIO DA SILVA PEIXOTO NETO','rauleco@ufrn.edu.br','06965421452','1977024','',NULL,2,28,28,5755277),(336,'HERBERT RICARDO GARCIA VIANA','herbertviana@hotmail.com','83935720459','2275732','',NULL,1,28,NULL,5757889),(337,'ELDER PRATA VIEIRA PAIVA','elderprata@gmail.com','00294530380','2318939','',NULL,2,28,28,5758480),(338,'JULIO FRANCISCO DANTAS DE REZENDE','juliofdrezende@hotmail.com','93807929487','2329932','',NULL,1,28,NULL,5756725),(339,'MARIO ORESTES AGUIRRE GONZALEZ','mario@ct.ufrn.br','01434445496','2456706','',NULL,1,28,NULL,5752845),(340,'SANDRA RUFINO SANTOS','ssrufino@yahoo.com.br','14810286851','2736085','',NULL,1,28,NULL,5756115),(341,'ERIC LUCAS DOS SANTOS CABRAL','ERICLUCASCABRAL94@GMAIL.COM','09857667430','3144567','',NULL,1,28,NULL,5761003),(342,'FERNANDA BARRETO DE ALMEIDA ROCHA MARIZ','rocha_fernanda@outlook.com','05179511429','3669471','',NULL,1,28,NULL,5760765),(343,'RICARDO PIRES DE SOUZA','RICARDOPIRES@CT.UFRN.BR','26554501835','4859773','',NULL,1,28,NULL,5757891),(344,'MARIA DO SOCORRO ARAUJO GASTAO','socorrogastao@gmail.com','07859023253','50621','',NULL,2,29,116,15400),(345,'ROSANGELA BEZERRA DOS SANTOS','rbsantos@ufrnet.br','22180052472','350102','',NULL,2,29,116,21205),(346,'MARIA GORETE FELIPE','mgfelipe4@hotmail.com','19989490449','350248','',NULL,1,32,NULL,21348),(347,'IRIS OLIVEIRA DA SILVA','iris.oliveira@ct.ufrn.br','03675707423','1150673','',NULL,1,32,NULL,5759407),(348,'CLOVIS DE MEDEIROS BEZERRA','clovis@ufrnet.br','40646840444','1345675','',NULL,1,32,NULL,24793),(349,'VIVIANE MUNIZ FONSECA','viviane@ct.ufrn.br','40655970487','1645481','',NULL,1,32,NULL,5752709),(350,'IGOR BRUNO DE SOUZA SILVA','igorbrunos97@hotmail.com','10389631418','1988719','',NULL,2,32,176,5755389),(351,'ILMARA PINHEIRO LIMAO','mara.gdj@gmail.com','06897165409','2050544','',NULL,2,32,492,5755952),(352,'JONATA SILVA DO NASCIMENTO ANDRADE','jonata.sn@hotmail.com','08633015412','2072976','',NULL,2,32,485,5756252),(353,'JOSE IVAN DE MEDEIROS','jivan@ufrn.edu.br','65508572449','2239386','',NULL,1,32,NULL,63227),(354,'MOISES VIEIRA DE MELO','moisesvmelo@yahoo.com.br','10774556404','2322134','',NULL,1,32,NULL,26206),(355,'ROGERSON RODRIGUES FREIRE RAMOS','ROGERSON_ET@YAHOO.COM.BR','05206311456','2367881','',NULL,1,32,NULL,5758813),(356,'SILVAGNER ADOLPHO VERISSIMO','silvagner@ct.ufrn.br','77929330400','2495688','',NULL,1,32,NULL,63864),(357,'IRAN MARQUES DE LIMA','iran@ct.ufrn.br','15653838420','2548653','',NULL,1,32,NULL,5754539),(358,'MICHELLE CEQUEIRA FEITOR','mcfeitor@gmail.com','00981350402','2614274','',NULL,1,32,NULL,5754639),(359,'KESIA KARINA DE OLIVEIRA SOUTO SILVA','kesiasouto@hotmail.com','00851738435','2614285','',NULL,1,32,NULL,5752485),(360,'NEIL DE OLIVEIRA LIMA FILHO','neillima@hotmail.com','32265387487','2764728','',NULL,1,32,NULL,5754328),(361,'LUCIANI PAOLA ROCHA CRUZ BARROS','LUPAOLARN@YAHOO.COM.BR','01193464439','2857497','',NULL,1,32,NULL,5759527),(362,'JOSE HERIBERTO OLIVEIRA DO NASCIMENTO','joseheriberto@ct.ufrn.br','02452573493','2941160','',NULL,1,32,NULL,5755565),(363,'ITAJA DANTAS DE SOUZA JUNIOR','ITAJA.JUNIOR@GMAIL.COM','05560762490','3009611','',NULL,2,32,32,5759634),(364,'IEDA LETICIA DE SOUZA FERREIRA','IEDALETICIASF@HOTMAIL.COM','01679214446','3120817','',NULL,1,32,NULL,5760858),(365,'CAROLINY MINELY DA SILVA SANTOS','CAROLINYMINELY@HOTMAIL.COM','01662267428','3151847','',NULL,1,32,NULL,5761069),(366,'MARCOS SILVA DE AQUINO','silvaquino@yahoo.com.br','47426632415','3217842','',NULL,1,32,NULL,2296724),(367,'ALDO SOUSA DA SILVA','aldosouza@bol.com.br','59588845491','1149333','',NULL,2,34,8,22705),(368,'DAYANY RIBEIRO DE OLIVEIRA','dayanyribeiro01@gmail.com','08836246486','2274738','',NULL,2,34,17,5757885),(369,'MATHEUS GOMES DE CARVALHO','MGOMESDE@GMAIL.COM','08698011470','2274776','',NULL,2,34,114,5757884),(370,'ANDREY MELO DE OLIVEIRA','andrey.emcm@gmail.com','08409442418','2415373','',NULL,2,34,279,5759463),(371,'MARCIANO FURUKAVA','furukava@ct.ufrn.br','87110296849','347303','',NULL,1,54,NULL,18422),(372,'CLAUDIO ROMERO RODRIGUES DE ALMEIDA','cacau@ufrnet.br','13226975404','347431','',NULL,1,54,NULL,18547),(373,'JOSE SILVA DOS SANTOS','zezinhosilva@ufrnet.br','14054930468','348412','',NULL,2,54,469,19522),(374,'JOSE DANIEL DINIZ MELO','daniel.melo@ufrnet.br','46660640444','1202134','',NULL,1,54,NULL,23717),(375,'SERGIO RODRIGUES BARRA','barra@ct.ufrn.br','25425552220','1297264','',NULL,1,54,NULL,5753702),(376,'ANTONIO EDUARDO MARTINELLI','martinelli.ufrn@gmail.com','15724520800','1298936','',NULL,1,54,NULL,24345),(377,'CARLOS ALBERTO PASKOCIMAS','paskocimas.ufrn@gmail.com','06296687877','1300987','',NULL,1,54,NULL,24367),(378,'RUBENS MARIBONDO DO NASCIMENTO','rmaribondo@ufrnet.br','80732810400','1350249','',NULL,1,54,NULL,24852),(379,'EDSON NORIYUKI ITO','ito@ufrnet.br','40405036191','1639676','',NULL,1,54,NULL,5751827),(380,'MAURICIO MHIRDAUI PERES','mauricioperes@ct.ufrn.br','17536268890','1652765','',NULL,1,54,NULL,5754365),(381,'MARIA CAROLINA BURGOS COSTA DO NASCIMENTO','mcarolcosta@yahoo.com.br','03449466496','1755267','',NULL,1,54,NULL,5753065),(382,'GRAZIELLA BEZERRA CAVALCANTE','graziella.bezerra@gmail.com','01196831483','1765631','',NULL,2,54,173,5753348),(383,'FABIANA VILLELA DA MOTTA','fabillela@gmail.com','24779953839','1802888','',NULL,1,54,NULL,5753617),(384,'HUDSON RAFAEL PEREIRA DINIZ','hudson.diniz@ct.ufrn.br','05231377457','1847213','',NULL,2,54,103,5753894),(385,'MAURICIO ROBERTO BOMIO DELMONTE','mauricio.bomio@ct.ufrn.br','27816279841','1883170','',NULL,1,54,NULL,5754405),(386,'NICOLAU APOENA CASTRO','nicolau.castro.ufrn@gmail.com','27783773877','1938946','',NULL,1,54,NULL,5754954),(387,'JOSE ROBERTO DE MELO FILHO','wertyr9@gmail.com','06747090470','1977079','',NULL,2,54,103,5755300),(388,'ANA PAULA CYSNE BARBOSA','anacysne@yahoo.com','04561659676','2042234','',NULL,1,54,NULL,5755863),(389,'CARLA LAIZE DOS SANTOS CRUZ COSTA','carlalaize@yahoo.com.br','01363092405','2064145','',NULL,2,54,467,5756132),(390,'IGOR ZUMBA DAMASCENO','igzumba@yahoo.com.br','29491880870','2066126','',NULL,2,54,467,5756195),(391,'BISMARCK LUIZ SILVA','bismarck@ct.ufrn.br','07158786463','2345599','',NULL,1,54,NULL,5758736),(392,'MEYSAM MASHHADIKARIMI','m_m_karimi@yahoo.com','70627110479','2414250','',NULL,1,54,NULL,5759439),(393,'PRISCILA SIQUEIRA DE GOUVEIA VAZ BRASILEIRO','priscilagouveia@ufrn.edu.br','05332961456','1052660','',NULL,1,249,NULL,5760097),(394,'TARCILIO VIANA DUTRA JUNIOR','tarcilio@eq.ufrn.br','09599576420','1149372','',NULL,1,249,NULL,22744),(395,'ADRIANO DOS SANTOS','adriano@eq.ufrn.br','01725826950','1288120','',NULL,1,249,NULL,3588433),(396,'GERMAN GARABITO CALLAPINO','germangca@gmail.com','50831119268','1347984','',NULL,1,249,NULL,5752618),(397,'VANESSA CRISTINA SANTANNA','vanessasantanna@yahoo.com.br','77938780430','1531209','',NULL,1,249,NULL,5753578),(398,'LINDEMBERG DE JESUS NOGUEIRA DUARTE','ljnduarte@hotmail.com','94214808487','1566922','',NULL,1,249,NULL,5753590),(399,'JENNYS LOURDES MENESES BARILLAS','jennys@eq.ufrn.br','00946709947','1679234','',NULL,1,249,NULL,5752298),(400,'FLAVIO MEDEIROS JUNIOR','flaviojr_eng@hotmail.com','31698360487','1714865','',NULL,1,249,NULL,5752691),(401,'RUTACIO DE OLIVEIRA COSTA','rutacio@hotmail.com','20954581334','1714956','',NULL,1,249,NULL,5752664),(402,'JOSE ALTAMIRO CARRILHO MOTA DOS SANTOS','josealtamirosantos@yahoo.com.br','10974199320','1715039','',NULL,1,249,NULL,5752676),(403,'WILACI EUTROPIO FERNANDES JUNIOR','wilacijr@hotmail.com','40658830406','1718306','',NULL,1,249,NULL,5752741),(404,'GUSTAVO ARRUDA RAMALHO LIRA','glira@ct.ufrn.br','03454769485','1719112','',NULL,1,249,NULL,5752772),(405,'EDNEY RAFAEL VIANA PINHEIRO GALVAO','edneyrafael.viana@gmail.com','04860249461','1752014','',NULL,1,249,NULL,5752987),(406,'MARCOS ALLYSON FELIPE RODRIGUES','marcos.allyson@gmail.com','04575614408','1754344','',NULL,1,249,NULL,5753042),(407,'MAGNUS ROCHA BEZERRA DE MELO','magnusrocha@hotmail.com','03165920486','1757448','',NULL,2,249,249,5753196),(408,'SERGIO JOSE GONCALVES E SILVA','sergiojgsilva@gmail.com','32231296420','1803721','',NULL,1,249,NULL,5753644),(409,'JOSE ILTON SARMENTO SILVEIRA JUNIOR','jissjunior@gmail.com','07169637448','1856120','',NULL,2,249,249,5754036),(410,'MARIA CLARA DE MENESES LOURENCO','mclaralourenco@hotmail.com','09345706470','1979239','',NULL,2,249,249,5755291),(411,'JUAN FABIO RODRIGUES MACIEL','juanmacielr@gmail.com','07187275412','1979240','',NULL,2,249,249,5755290),(412,'HERIC WEVERTON DOS SANTOS','hericw@gmail.com','06970557448','1979317','',NULL,2,249,249,5755292),(413,'CARLA WILZA SOUZA DE PAULA MAITELLI','carlamaitelli@gmail.com','72255501449','6350734','',NULL,1,249,NULL,5752692),(414,'FRED SIZENANDO ROSSITER PINHEIRO','fredrossiter@uol.com.br','09619771400','345972','',NULL,1,252,NULL,17115),(415,'ANTONIO SALVIO DE ABREU','asabreu100@gmail.com','10605070482','346141','',NULL,1,252,NULL,17277),(416,'RONALDO DE ANDRADE MARTINS','ronaldo@ufrnet.br','05644097404','346385','',NULL,1,252,NULL,17517),(417,'GUTEMBERGUE SOARES DA SILVA','GUTTEMBBERGUE@GMAIL.COM','06740553491','346605','',NULL,1,252,NULL,17733),(418,'LAERCIO MARTINS DE MENDONCA','laercio@ct.ufrn.br','09064087415','349732','',NULL,1,252,NULL,20835),(419,'CLAUDIO RODRIGUES MUNIZ DA SILVA','claudio.rmsilva@gmail.com','46533435434','1199408','',NULL,1,252,NULL,23685),(420,'THIAGO FELIPE DE MORAIS PEREIRA','TFELIPEDEMORAIS@GMAIL.COM','05881817494','1277489','',NULL,2,252,252,5759222),(421,'VICENTE ANGELO DE SOUSA JUNIOR','vicente.sousa@ufrn.edu.br','26550455804','1412682','',NULL,1,252,NULL,5753604),(422,'HERTZ WILTON DE CASTRO LINS','hertzw@gmail.com','75112302453','1422699','',NULL,1,252,NULL,5755344),(423,'LUIZ GONZAGA DE QUEIROZ SILVEIRA JUNIOR','luizsilveirajunior@outlook.com.br','02863208438','1668928','',NULL,1,252,NULL,5753657),(424,'CRISTHIANNE DE FATIMA LINHARES DE VASCONCELOS','cflinvas@gmail.com','03831125406','1804383','',NULL,1,252,NULL,5753658),(425,'MARCIO EDUARDO DA COSTA RODRIGUES','marcio.rodrigues@ct.ufrn.br','07460950742','1840342','',NULL,1,252,NULL,5753871),(426,'CID COUTINHO GUIMARAES','cid1307@gmail.com','75088398468','1856095','',NULL,2,252,252,5754042),(427,'HERMANO VICTOR FAUSTINO CAMARA','faustinohermano@gmail.com','06539864400','1856345','',NULL,2,252,252,5754048),(428,'ANTONIO LUIZ PEREIRA DE SIQUEIRA CAMPOS','alpscampos@gmail.com','79090095420','2524053','',NULL,1,252,NULL,5753096),(429,'VALDEMIR PRAXEDES DA SILVA NETO','vpraxedes.neto@gmail.com','08867832409','3921178','',NULL,1,252,NULL,5760170),(430,'ADAILDO GOMES D ASSUNCAO','adaildo@ct.ufrn.br','04401565487','6345784','',NULL,1,252,NULL,5754609),(431,'HELIO ROBERTO HEKIS','hekis1963@gmail.com','41584422904','1229030','',NULL,1,253,NULL,5753006),(432,'BEATRIZ STRANSKY FERREIRA','beatriz.stransky@ct.ufrn.br','62825968668','1365498','',NULL,1,253,NULL,5755418),(433,'DANILO ALVES PINTO NAGEM','nagem@ufrnet.br','03700182651','1510735','',NULL,1,253,NULL,5752988),(434,'CUSTODIO LEOPOLDINO DE BRITO GUERRA NETO','custodioimplante@gmail.com','46658564434','1752038','',NULL,1,253,NULL,5752989),(435,'GEORGE CARLOS DO NASCIMENTO','georgegcn@gmail.com','19363737420','1764910','',NULL,1,253,NULL,5753350),(436,'HUDSON GEOVANE DE MEDEIROS','hudsongeovane@gmail.com','07173693403','1918192','',NULL,2,253,277,5754677),(437,'DENISE DA SILVA DANTAS','denisedantas@yahoo.com.br','01049839498','1954414','',NULL,2,253,253,5755012),(438,'CAROLINE DANTAS VILAR WANDERLEY','carolinevilar@gmail.com','02972716442','1989838','',NULL,1,253,NULL,5755401),(439,'RICARDO ALEXSANDRO DE MEDEIROS VALENTIM','ricardo.valentim@ufrnet.br','87455021453','2488270','',NULL,1,253,NULL,5753362),(440,'KARILANY DANTAS COUTINHO','karilany@gmail.com','03557257460','2562782','',NULL,1,253,NULL,5753553),(441,'HELIANA BEZERRA SOARES','helianabs@gmail.com','80674585453','2613423','',NULL,1,253,NULL,5753386),(442,'LUCIANA DE ANDRADE MENDES','mendes.luciana.a@gmail.com','04463779456','2682800','',NULL,1,253,NULL,5753676),(443,'ERNANO ARRAIS JUNIOR','ernano.arrais@ufrnet.br','06116475400','3966965','',NULL,1,253,NULL,5761026),(444,'Davi Santana Santos','davi.s.santos@outlook.com','3179723','2015028413','84994039224','1996-06-12',4,8,562,NULL);
/*!40000 ALTER TABLE `pessoa` ENABLE KEYS */;
UNLOCK TABLES;

--
-- Table structure for table `predio`
--

DROP TABLE IF EXISTS `predio`;
/*!40101 SET @saved_cs_client     = @@character_set_client */;
/*!50503 SET character_set_client = utf8mb4 */;
CREATE TABLE `predio` (
  `id_predio` tinyint NOT NULL AUTO_INCREMENT,
  `nome` varchar(45) NOT NULL,
  `descricao` varchar(45) NOT NULL,
  PRIMARY KEY (`id_predio`)
) ENGINE=InnoDB AUTO_INCREMENT=4 DEFAULT CHARSET=utf8;
/*!40101 SET character_set_client = @saved_cs_client */;

--
-- Dumping data for table `predio`
--

LOCK TABLES `predio` WRITE;
/*!40000 ALTER TABLE `predio` DISABLE KEYS */;
INSERT INTO `predio` VALUES (1,'CT','Centro de Tecnologia'),(2,'CTEC','Complexo Tecnolgico de Engenharia'),(3,'Setor IV','Setor de aulas IV');
/*!40000 ALTER TABLE `predio` ENABLE KEYS */;
UNLOCK TABLES;

--
-- Table structure for table `setor`
--

DROP TABLE IF EXISTS `setor`;
/*!40101 SET @saved_cs_client     = @@character_set_client */;
/*!50503 SET character_set_client = utf8mb4 */;
CREATE TABLE `setor` (
  `id_setor` smallint NOT NULL AUTO_INCREMENT,
  `codigo` varchar(10) DEFAULT NULL,
  `nome` varchar(200) NOT NULL,
  `descricao` varchar(200) NOT NULL,
  `id_predio` tinyint NOT NULL,
  `faz_atendimento` tinyint DEFAULT NULL,
  `id_setor_ufrn` mediumint DEFAULT NULL,
  `sigla` varchar(45) DEFAULT NULL,
  PRIMARY KEY (`id_setor`),
  KEY `fk_setor_predio1_idx` (`id_predio`),
  CONSTRAINT `fk_setor_predio1` FOREIGN KEY (`id_predio`) REFERENCES `predio` (`id_predio`)
) ENGINE=InnoDB AUTO_INCREMENT=582 DEFAULT CHARSET=utf8;
/*!40101 SET character_set_client = @saved_cs_client */;

--
-- Dumping data for table `setor`
--

LOCK TABLES `setor` WRITE;
/*!40000 ALTER TABLE `setor` DISABLE KEYS */;
INSERT INTO `setor` VALUES (3,'1420','DEPARTAMENTO DE ENGENHARIA MECANICA','DEPARTAMENTO DE ENGENHARIA MECANICA',1,0,50,'MEC/CT'),(4,'1417','DEPARTAMENTO DE ENGENHARIA CIVIL','DEPARTAMENTO DE ENGENHARIA CIVIL',1,0,52,'CIV/CT'),(5,'1415','DEPARTAMENTO DE ARQUITETURA','DEPARTAMENTO DE ARQUITETURA',1,0,54,'ARQ/CT'),(6,'1418','DEPARTAMENTO DE ENGENHARIA DE COMPUTACAO E AUTOMACAO','DEPARTAMENTO DE ENGENHARIA DE COMPUTACAO E AUTOMACAO',1,0,56,'DCA/CT'),(7,'1421','DEPARTAMENTO DE ENGENHARIA QUIMICA','DEPARTAMENTO DE ENGENHARIA QUIMICA',1,0,57,'DEQ/CT'),(8,'1431','DIREO DO CENTRO DE TECNOLOGIA','DIREO DO CENTRO DE TECNOLOGIA',1,0,87,'ADM/CT'),(9,'1402','ALMOXARIFADO','ALMOXARIFADO',1,0,89,'ALMOX/CT'),(10,'1432','PS-GRADUAO DE PRODUO ANIMAL','PS-GRADUAO DE PRODUO ANIMAL',1,0,90,'ASSADM/CT'),(11,'1401','COORDENAO DO CURSO DE ARQUITETURA E URBANISMO','COORDENAO DO CURSO DE ARQUITETURA E URBANISMO',1,0,91,'CAU/CT'),(12,'1404','COORDENAO DO CURSO ENGENHARIA CIVIL','COORDENAO DO CURSO ENGENHARIA CIVIL',1,0,92,'CECIV/CT'),(13,'1407','COORDENAO DO CURSO ENGENHARIA DE COMPUTAO','COORDENAO DO CURSO ENGENHARIA DE COMPUTAO',1,0,93,'CECOMP/CT'),(14,'1410','COORDENAO DO CURSO ENGENHARIA ELTRICA','COORDENAO DO CURSO ENGENHARIA ELTRICA',1,0,94,'CCEE/CT'),(15,'1408','COORDENAO DO CURSO ENGENHARIA DE MATERIAIS','COORDENAO DO CURSO ENGENHARIA DE MATERIAIS',1,0,95,'CEMAT/CT'),(16,'1411','COORDENAO DO CURSO ENGENHARIA MECNICA','COORDENAO DO CURSO ENGENHARIA MECNICA',1,0,96,'CEMEC/CT'),(17,'1409','COORDENAO DO CURSO ENGENHARIA DE PRODUO','COORDENAO DO CURSO ENGENHARIA DE PRODUO',1,0,97,'CGEP/CT'),(18,'1412','COORDENAO DO CURSO ENGENHARIA QUMICA','COORDENAO DO CURSO ENGENHARIA QUMICA',1,0,98,'CEQUI/CT'),(19,'1413','COORDENAO DO CURSO ENGENHARIA TXTIL','COORDENAO DO CURSO ENGENHARIA TXTIL',1,0,99,'CET/CT'),(20,'1405','COORDENAO DO CURSO DE TECNOLOGIA EM COOPERATIVISMO','COORDENAO DO CURSO DE TECNOLOGIA EM COOPERATIVISMO',1,0,100,'CTCOOP/CT'),(21,'1425','PROGRAMA DE PS-GRADUAO EM ARQUITETURA E URBANISMO','PROGRAMA DE PS-GRADUAO EM ARQUITETURA E URBANISMO',1,0,102,'PPGAU/CT'),(22,'1427','PROGRAMA DE PS-GRADUAO EM ENGENHARIA ELTRICA E DE COMPUTAO','PROGRAMA DE PS-GRADUAO EM ENGENHARIA ELTRICA E DE COMPUTAO',1,0,103,'PPGEEC/CT'),(23,'1428','PROGRAMA DE PS-GRADUAO EM ENGENHARIA MECNICA','PROGRAMA DE PS-GRADUAO EM ENGENHARIA MECNICA',1,0,104,'PPGEM/CT'),(24,'1426','PROGRAMA DE PS-GRADUAO EM ENGENHARIA DE PRODUO','PROGRAMA DE PS-GRADUAO EM ENGENHARIA DE PRODUO',1,0,105,'PPGEP/CT'),(25,'1429','PROGRAMA DE PS-GRADUAO EM ENGENHARIA QUMICA','PROGRAMA DE PS-GRADUAO EM ENGENHARIA QUMICA',1,0,106,'PPGEQ/CT'),(26,'1430','PROGRAMA DE PS-GRADUAO EM ENGENHARIA SANITRIA E AMBIENTAL','PROGRAMA DE PS-GRADUAO EM ENGENHARIA SANITRIA E AMBIENTAL',1,0,107,'PPGESA'),(27,'1419','DEPARTAMENTO DE ENGENHARIA ELTRICA','DEPARTAMENTO DE ENGENHARIA ELTRICA',1,0,112,'DEE/CT'),(28,'1422','DEPARTAMENTO DE ENGENHARIA PRODUO','DEPARTAMENTO DE ENGENHARIA PRODUO',1,0,115,'DEP/CT'),(29,'1423','NCLEO TECNOLGICO INDUSTRIAL','NCLEO TECNOLGICO INDUSTRIAL',1,0,116,'NTI/CT'),(31,'141501','DEPARTAMENTO DE ARQUITETURA - ARQUIVO','DEPARTAMENTO DE ARQUITETURA - ARQUIVO',1,0,399,'ARQUIVO/AR'),(32,'1424','DEPARTAMENTO DE ENGENHARIA TXTIL','DEPARTAMENTO DE ENGENHARIA TXTIL',1,0,424,'DET/CT'),(33,'1434','CT - COORDENAO DO CURSO DE ENGENHARIA FLORESTAL','CT - COORDENAO DO CURSO DE ENGENHARIA FLORESTAL',1,0,437,'ENGFLOR'),(34,'1400','CENTRO DE TECNOLOGIA','CENTRO DE TECNOLOGIA',1,0,445,'CT'),(35,'1437','GASTOS COMUNS CT','GASTOS COMUNS CT',1,0,1552,'G. COMUNS'),(36,'143106','CT - RECURSOS PRPRIOS','CT - RECURSOS PRPRIOS',1,0,1559,'RESERVA'),(37,'143104','SECRETARIA ADMINISTRATIVA','SECRETARIA ADMINISTRATIVA',1,0,1561,'SA/CT'),(38,'143105','DIREO DO CENTRO','DIREO DO CENTRO',1,0,1562,'CT'),(39,'143108','CT VICE-DIRETORIA','CT VICE-DIRETORIA',1,0,1572,'CT-VICEDIR'),(40,'1439','NUCLEO DE TECNOLOGICO','NUCLEO DE TECNOLOGICO',1,0,1573,'NUTEC'),(41,'1440','COORD. DO PROG. DE POS-GRAD. EM ARQ. E URBANISMO','COORD. DO PROG. DE POS-GRAD. EM ARQ. E URBANISMO',1,0,1574,'COOR-PGAU'),(42,'1441','COORD. DO PROGRAMA DE POS-GRAD. EM COOPERATIVISMO','COORD. DO PROGRAMA DE POS-GRAD. EM COOPERATIVISMO',1,0,1575,'COOR-PGCO'),(43,'1442','COORD. CURSO DE POS-GRAD. EM ENGENHARIA MECANICA','COORD. CURSO DE POS-GRAD. EM ENGENHARIA MECANICA',1,0,1576,'COOR-PGEM'),(44,'1443','COORD. DO PROGRAMA DE POS-GRAD. EM ENG. ELETRICA','COORD. DO PROGRAMA DE POS-GRAD. EM ENG. ELETRICA',1,0,1577,'COOR-PGEE'),(45,'1444','COORD. DO CURSO DE POS-GRAD. EM ENG. SANITARIA','COORD. DO CURSO DE POS-GRAD. EM ENG. SANITARIA',1,0,1578,'COOR-PGES'),(46,'1445','COORDENACAO DO CURSO DE COOPERATIVISMO','COORDENACAO DO CURSO DE COOPERATIVISMO',1,0,1579,'COOR-COOP'),(47,'1446','COORD. DE POS-GRADUACAO EM ENGENHARIA QUIMICA','COORD. DE POS-GRADUACAO EM ENGENHARIA QUIMICA',1,0,1580,'COOR-PGEQ'),(48,'1447','COORDENACAO DO DOUTORADO EM ENG. DE MATERIAIS','COORDENACAO DO DOUTORADO EM ENG. DE MATERIAIS',1,0,1581,'COOR-DEM'),(49,'141701','LABORATORIO DE RECURSOS HIDRICOS E SANEAMENTO','LABORATORIO DE RECURSOS HIDRICOS E SANEAMENTO',1,0,1582,'LARHISA'),(50,'142004','LABORATORIO DE ENERGIA','LABORATORIO DE ENERGIA',1,0,1584,'LAB-ENERGI'),(51,'1450','COORDENAO DA PS-GRADUAO EM ENGENHARIA DE PRODUO','COORDENAO DA PS-GRADUAO EM ENGENHARIA DE PRODUO',1,0,1585,'CPGEP/CT'),(52,'1451','COORD. DO CURSO DE POS-GRAD.MEST. EM ARQUITETURA','COORD. DO CURSO DE POS-GRAD.MEST. EM ARQUITETURA',1,0,1586,'COOR-CPGMA'),(53,'142002','LABORATORIO DE METROLOGIA','LABORATORIO DE METROLOGIA',1,0,1587,'LAB-METROL'),(54,'1416','DEPARTAMENTO DE ENGENHARIA DE MATERIAIS','DEPARTAMENTO DE ENGENHARIA DE MATERIAIS',1,0,1589,'DEPTO-EMAT'),(55,'1453','PROGRAMA DE PS-GRADUAO EM ENGENHARIA SANITRIA','PROGRAMA DE PS-GRADUAO EM ENGENHARIA SANITRIA',1,0,1797,'LARHISA/'),(56,'1454','PROGRAMA DE PS-GRADUAO EM ENG. QUMICA','PROGRAMA DE PS-GRADUAO EM ENG. QUMICA',1,0,2444,'PPGEQ'),(57,'141901','LABORATRIO DE ELETROTCNICA','LABORATRIO DE ELETROTCNICA',1,0,2479,'Lab Eletrt'),(58,'142001','LABORATRIO DE MECNICA COMPUTACIONAL','LABORATRIO DE MECNICA COMPUTACIONAL',1,0,2481,'CT/DEM/LMC'),(59,'143103','CT - SECRETARIA DO ALMOXARIFADO','CT - SECRETARIA DO ALMOXARIFADO',1,0,2563,'CT/SEALM'),(60,'1455','CT - PESQUISAS','CT - PESQUISAS',1,0,2599,'PESQ/CT'),(61,'1456','CT - EXTENSO','CT - EXTENSO',1,0,2600,'EXT/CT'),(62,'1457','CT - COMPRAS','CT - COMPRAS',1,0,2601,'COMP/CT'),(63,'143701','CT - SETOR DE AULAS IV','CT - SETOR DE AULAS IV',1,0,2606,'CT/SETOR4'),(64,'143101','CT - TI - TECNOLOGIAS DA INFORMAO (PITGORAS)','CT - TI - TECNOLOGIAS DA INFORMAO (PITGORAS)',1,0,2608,'PITAGORAS'),(65,'143102','CT - SETOR DE PATRIMNIO','CT - SETOR DE PATRIMNIO',1,0,2609,'PATRIM/CT'),(66,'1403','CT - COORDENAO DO CURSO DE ENGENHARIA DE ALIMENTOS','CT - COORDENAO DO CURSO DE ENGENHARIA DE ALIMENTOS',1,0,2643,'CT/CEA'),(67,'1459','CT/FUNPEC','CT/FUNPEC',1,0,2668,'CT/FUNPEC'),(68,'142003','LABORATORIO DE ENERGIAS RENOVVEIS','LABORATORIO DE ENERGIAS RENOVVEIS',1,0,2884,'LAB. E. RENOV.'),(69,'142005','LABORATRIO MQUINAS HIDRULICAS E ENERGIA SOLAR','LABORATRIO MQUINAS HIDRULICAS E ENERGIA SOLAR',1,0,2885,'Lab. MH'),(70,'142006','LABORATRIO MATERIAIS COMPLEMENTARES','LABORATRIO MATERIAIS COMPLEMENTARES',1,0,2886,'LAB. MC'),(71,'142007','LABORATRIO MECNICA DOS FLUIDOS','LABORATRIO MECNICA DOS FLUIDOS',1,0,2887,'LAB. MF'),(72,'142008','LABORATRIO DE MANUFATURA','LABORATRIO DE MANUFATURA',1,0,2888,'LAB/MANUFATURA'),(73,'142009','LABORATRIO TRANFERNCIA DE CALOR','LABORATRIO TRANFERNCIA DE CALOR',1,0,2889,'LAB. TC'),(74,'1460','CT - PROG. DE APOIO  MELHORIA DA QUAL. DO ENSINO DE GRAD. DA UFRN','CT - PROG. DE APOIO  MELHORIA DA QUAL. DO ENSINO DE GRAD. DA UFRN',1,0,2970,'PAMQEG'),(75,'146001','ALDOMAR PEDRINE','ALDOMAR PEDRINE',1,0,2985,'PMG/CT'),(76,'146002','CLEITON RUBENS FORMIGA BARBOSA','CLEITON RUBENS FORMIGA BARBOSA',1,0,2986,'PMG/CT'),(77,'146003','GLEICE VIRGNIA M. DE AZAMBUJA ELALI','GLEICE VIRGNIA M. DE AZAMBUJA ELALI',1,0,2987,'pmg/ct'),(78,'146004','MAGDA MARIA GUILHERMINO','MAGDA MARIA GUILHERMINO',1,0,2988,'PMG/CT'),(79,'146005','PAULO ALYSSON BRILHANTE F. DE SOUZA','PAULO ALYSSON BRILHANTE F. DE SOUZA',1,0,2989,'PMG/CT'),(80,'142114','BIBLIOTECA SETORIAL DO DEPT ENGENHARIA QUMICA','BIBLIOTECA SETORIAL DO DEPT ENGENHARIA QUMICA',1,0,3013,'BIB/ENgQUIM'),(81,'1461','PROGRAMA DE PS-GRADUAO EM BIOTECNOLOGIA','PROGRAMA DE PS-GRADUAO EM BIOTECNOLOGIA',1,0,3014,'PROGBIO/CT'),(82,'145601','EXT - AMADJA HENRIQUE BORGES','EXT - AMADJA HENRIQUE BORGES',1,0,3016,'EXT/CT'),(83,'145602','EXT - EDJA BEZERRA FARIA TRIGUEIRO','EXT - EDJA BEZERRA FARIA TRIGUEIRO',1,0,3017,'EXT/CT'),(84,'145603','EXT - HNIO NORMAMDO DE SOUZA MELO','EXT - HNIO NORMAMDO DE SOUZA MELO',1,0,3018,'EXT/CT'),(85,'145604','EXT - MAGDA MARIA GUILHERMINO','EXT - MAGDA MARIA GUILHERMINO',1,0,3019,'EXT/CT'),(86,'145605','EXT - MANOEL LUCAS FILHO','EXT - MANOEL LUCAS FILHO',1,0,3020,'EXT/CT'),(87,'145606','EXT - WATTSON JOS SAENZ PERALES','EXT - WATTSON JOS SAENZ PERALES',1,0,3021,'EXT/CT'),(88,'145607','EXT - COLQUIO DE HABITAO E CIDADANIA','EXT - COLQUIO DE HABITAO E CIDADANIA',1,0,3022,'EXT/CT'),(89,'145608','EXT - SEMINRIO EM ENGENHARIA CLNICA HOSPITALAR','EXT - SEMINRIO EM ENGENHARIA CLNICA HOSPITALAR',1,0,3023,'EXT/CT'),(90,'145609','EXT - SEMANA DE ENGENHARIA ELTRICA','EXT - SEMANA DE ENGENHARIA ELTRICA',1,0,3024,'EXT/CT'),(91,'145501','PESQ - NGELA LCIA DE A.  FERREIRA','PESQ - NGELA LCIA DE A.  FERREIRA',1,0,3048,'PESQ/CT'),(92,'145502','PESQ - CARLOS MAGNO DE LIMA','PESQ - CARLOS MAGNO DE LIMA',1,0,3049,'PESQ/CT'),(93,'145503','PESQ - EDJA BEZERRA FARIA TRIGUEIRO','PESQ - EDJA BEZERRA FARIA TRIGUEIRO',1,0,3050,'PESQ/CT'),(94,'145504','PESQ - LUIZ PEREIRA DE BRITO','PESQ - LUIZ PEREIRA DE BRITO',1,0,3051,'PESQ/CT'),(95,'145505','PESQ - MASA FERNANDES DUTRA VELOSO','PESQ - MASA FERNANDES DUTRA VELOSO',1,0,3052,'PESQ/CT'),(96,'145506','PESQ - VIRGNIA MARIA DANTAS DE ARAUJO','PESQ - VIRGNIA MARIA DANTAS DE ARAUJO',1,0,3053,'PESQ/CT'),(97,'145507','PESQ- ANA MARIA GUIMARES GUERREIRO','PESQ- ANA MARIA GUIMARES GUERREIRO',1,0,3056,'PESQ/CT'),(98,'145508','PESQ - CLVIS DE MEDEIROS BEZERRA','PESQ - CLVIS DE MEDEIROS BEZERRA',1,0,3057,'PESQ/CT'),(99,'145509','PESQ - EMLIO ERNESTO PALADINO','PESQ - EMLIO ERNESTO PALADINO',1,0,3058,'PESQ/CT'),(100,'145510','PESQ - GLCIO BEZERRA BRANDO','PESQ - GLCIO BEZERRA BRANDO',1,0,3059,'PESQ/CT'),(101,'145511','PESQ - JACKSON ARAJO DE OLIVEIRA','PESQ - JACKSON ARAJO DE OLIVEIRA',1,0,3060,'PESQ/CT'),(102,'145512','PESQ - RAIMUNDO CARLOS SILVRIO FREIRE JNIOR','PESQ - RAIMUNDO CARLOS SILVRIO FREIRE JNIOR',1,0,3061,'PESQ/CT'),(103,'141603','LABORATRIO DE METAIS E ENSAIOS MECNICOS','LABORATRIO DE METAIS E ENSAIOS MECNICOS',1,0,3185,'LABMEN'),(104,'141604','LABORATORIO DE TRATAMENTOS TRMICOS','LABORATORIO DE TRATAMENTOS TRMICOS',1,0,3186,'LAB-TRATERM'),(105,'141605','LABORATORIO DE COMPSITOS','LABORATORIO DE COMPSITOS',1,0,3187,'LAB-CMPSITOS'),(106,'141606','LABORATORIO DE CERMICAS','LABORATORIO DE CERMICAS',1,0,3188,'LAB-CERAMICAS'),(107,'142101','NUPEG - CONVENIO PRH-ANP 14','NUPEG - CONVENIO PRH-ANP 14',1,0,3197,'NUPEG PRH-ANP'),(108,'1466','RENORBIO - RN','RENORBIO - RN',1,0,3209,'REN/RN'),(109,'1467','PROGRAMA DE POS-GRADUACAO EM ENGENHARIA ELTRICA','PROGRAMA DE POS-GRADUACAO EM ENGENHARIA ELTRICA',1,0,3215,'PPGEE'),(110,'1438','UNIDADE DE CONCILIAAO PATRIMONIAL DO CT','UNIDADE DE CONCILIAAO PATRIMONIAL DO CT',1,0,3223,'UCP/CT'),(111,'141801','LABORATRIO DE GRADUAO DE ENGENHARIA DE COMPUTAO','LABORATRIO DE GRADUAO DE ENGENHARIA DE COMPUTAO',1,0,3230,'LAB-GENGCOMP'),(112,'143109','ASSESSORIA ACADMICA DO CT','ASSESSORIA ACADMICA DO CT',1,0,3360,'AACT'),(113,'143110','ASSESSORIA DE COMUNICAO E EDITORAO','ASSESSORIA DE COMUNICAO E EDITORAO',1,0,3361,'AIE'),(114,'143111','ASSESSORIA ADMINISTRATIVA (AS/CT)','ASSESSORIA ADMINISTRATIVA (AS/CT)',1,0,3362,'AS'),(115,'143112','ARQUIVO DO CT','ARQUIVO DO CT',1,0,3363,'ARQ'),(116,'142301','DIREO/NTI','DIREO/NTI',1,0,3512,'DIR'),(117,'14230100','SECRETARIA/NTI','SECRETARIA/NTI',1,0,3513,'SEC/NTI'),(118,'14230101','SETOR DE ENGENHARIA CIVIL','SETOR DE ENGENHARIA CIVIL',1,0,3514,'SECiv/NTI'),(119,'14230102','SETOR DE ENGENHARIA ELTRICA','SETOR DE ENGENHARIA ELTRICA',1,0,3515,'SEE/NTI'),(120,'14230103','SETOR DE ENGENHARIA MECNICA','SETOR DE ENGENHARIA MECNICA',1,0,3516,'SEM/NTI'),(121,'14230104','SETOR DE ENGENHARIA QUMICA','SETOR DE ENGENHARIA QUMICA',1,0,3517,'SEQ/NTI'),(122,'1423010100','LABORATRIO DO SETOR DE ENGENHARIA CIVIL','LABORATRIO DO SETOR DE ENGENHARIA CIVIL',1,0,3518,'LAB/ENGEC'),(123,'1423010200','LABORATRIO DO SETOR DE ENGENHARIA ELTRICA','LABORATRIO DO SETOR DE ENGENHARIA ELTRICA',1,0,3519,'LAB/ENGEE'),(124,'1423010300','LABORATRIO DE ENGENHARIA MECNICA','LABORATRIO DE ENGENHARIA MECNICA',1,0,3520,'LAB/ENGEM'),(125,'1423010400','LABORATRIO DE ENGENHARIA QUMICA','LABORATRIO DE ENGENHARIA QUMICA',1,0,3521,'LAB/ENGEQ'),(126,'141401','SECRETARIA ADMINISTRATIVA/DA','SECRETARIA ADMINISTRATIVA/DA',1,0,3575,'sead/da'),(127,'141502','SECRETARIA ADMINISTRATIVA/DARQ','SECRETARIA ADMINISTRATIVA/DARQ',1,0,3576,'SEAD'),(128,'1468','DEPARTAMENTO DE FORMACAO TECNOLOGICA','DEPARTAMENTO DE FORMACAO TECNOLOGICA',1,0,3588,'DFT'),(129,'1469','DEPARTAMENTO DE ENGENHARIA DE PRODUCAO E TEXTIL','DEPARTAMENTO DE ENGENHARIA DE PRODUCAO E TEXTIL',1,0,3590,'DPT'),(130,'143113','BIBIOTECA SETORIAL DO CENTRO DE TECNOLOGIA','BIBIOTECA SETORIAL DO CENTRO DE TECNOLOGIA',1,0,3990,'BIBSDT'),(131,'145610','EXT - AMADJA HENRIQUE BORGES','EXT - AMADJA HENRIQUE BORGES',1,0,3998,'EXT/CT'),(132,'145611','EXT - MARIA DULCE PICANO B. SOBRINHA','EXT - MARIA DULCE PICANO B. SOBRINHA',1,0,3999,'EXT/CT'),(133,'145612','EXT - MARIA CHRISTINE WERBA SALDANHA','EXT - MARIA CHRISTINE WERBA SALDANHA',1,0,4000,'EXT/CT'),(134,'145613','EXT - KAREN MARIA DA COSTA MATTOS','EXT - KAREN MARIA DA COSTA MATTOS',1,0,4001,'EXT/CT'),(135,'145614','EXT - WATTSON JOS SAENZ PERALES','EXT - WATTSON JOS SAENZ PERALES',1,0,4002,'EXT/CT'),(136,'145615','EXT - CARLOS MAGNO DE LIMA','EXT - CARLOS MAGNO DE LIMA',1,0,4003,'EXT/CT'),(137,'145616','EXT - PAGANDAI VAITHIANATHAN PANNIRSELVAM','EXT - PAGANDAI VAITHIANATHAN PANNIRSELVAM',1,0,4004,'EXT/CT'),(138,'142010','LABORATORIO DE PROCESSAMENTO DE MATERIAIS DE PLASMA','LABORATORIO DE PROCESSAMENTO DE MATERIAIS DE PLASMA',1,0,4005,'LAB-PLASMA'),(139,'145617','EXT - GESTO E MONITORAMENTO DE OVIVOS - MAGDA MARIA GUILHERMINO','EXT - GESTO E MONITORAMENTO DE OVIVOS - MAGDA MARIA GUILHERMINO',1,0,4080,'EXT/CT'),(140,'141702','SECRETARIA ADMINISTRATIVA/DEPTO. DE ENG. CIVIL','SECRETARIA ADMINISTRATIVA/DEPTO. DE ENG. CIVIL',1,0,4082,'SADEC'),(141,'141903','SECRETARIA ADMINISTRATIVA/DEPTO. DE ENG. ELETRICA','SECRETARIA ADMINISTRATIVA/DEPTO. DE ENG. ELETRICA',1,0,4083,'SADEE'),(142,'142011','SECRETARIA ADMINISTRATIVA/DEPTO. DE ENG. MECANICA','SECRETARIA ADMINISTRATIVA/DEPTO. DE ENG. MECANICA',1,0,4084,'SADEM'),(143,'142102','SECRETARIA ADMINISTRATIVA/DEPTO. DE ENG. QUIMICA','SECRETARIA ADMINISTRATIVA/DEPTO. DE ENG. QUIMICA',1,0,4085,'SADEQ'),(144,'143601','LABORATORIO DE TELECOMUNICAES','LABORATORIO DE TELECOMUNICAES',1,0,4218,'LABTELEC'),(145,'14310401','SETOR DE AULAS IV','SETOR DE AULAS IV',1,0,4220,'SAIV'),(146,'142012','LABORATRIO DE TRIBOLOGIA E DINMICA','LABORATRIO DE TRIBOLOGIA E DINMICA',1,0,4257,'LTD'),(147,'145513','PESQ - ESTUDOS DO HABITAT','PESQ - ESTUDOS DO HABITAT',1,0,4280,'PESQ-EHAB'),(148,'145514','PESQ - MORFOLOGIA E USOS DA ARQUITETURA','PESQ - MORFOLOGIA E USOS DA ARQUITETURA',1,0,4281,'PESQ-MUA'),(149,'145515','PESQ - CONFORTO AMBIENTAL E EFICINCIA ENERGTICA','PESQ - CONFORTO AMBIENTAL E EFICINCIA ENERGTICA',1,0,4282,'PESQ-CAEE'),(150,'145516','PESQ - GESTO E ESTRATGIA DE OPERAES DE NEGCIOS','PESQ - GESTO E ESTRATGIA DE OPERAES DE NEGCIOS',1,0,4283,'PESQ-GEON'),(151,'145517','PESQ - TELECOMUNICAO E FOTNICA','PESQ - TELECOMUNICAO E FOTNICA',1,0,4284,'PESQ-TF'),(152,'145518','PESQ - MECNICA COMPUTACIONAL','PESQ - MECNICA COMPUTACIONAL',1,0,4285,'PESQ-MC'),(153,'145519','PESQ - TECNOLOGIA SUPERCRTICA APLICADA A PRODUTOS NATURAIS E BIODIESEL','PESQ - TECNOLOGIA SUPERCRTICA APLICADA A PRODUTOS NATURAIS E BIODIESEL',1,0,4286,'PESQ-BIODIESE'),(154,'145618','EXT - GESTO E MONITORAMENTO DA PRODUO DE LEITE BOVINO','EXT - GESTO E MONITORAMENTO DA PRODUO DE LEITE BOVINO',1,0,4305,'EXT/CT'),(155,'144201','LABORATRIO DE INFORMATICA DA PPGM','LABORATRIO DE INFORMATICA DA PPGM',1,0,4323,'LABOINFOPPGM'),(156,'146006','MQE - MELHORIA NA QUALIDADE DE ENSINO NAS DISCIPLINAS DE TERMODINMICA','MQE - MELHORIA NA QUALIDADE DE ENSINO NAS DISCIPLINAS DE TERMODINMICA',1,0,4358,'MQE-MQEDT'),(157,'146007','MQE - FERRAMENTAS INOVADORAS PARA O ENSINO DE ENG. DE PRODUO','MQE - FERRAMENTAS INOVADORAS PARA O ENSINO DE ENG. DE PRODUO',1,0,4359,'MQE-FIEEP'),(158,'146008','MQE - PROJETO AERODESIGN DA UFRN','MQE - PROJETO AERODESIGN DA UFRN',1,0,4360,'MQE-PAERO'),(159,'146009','MQE - PROJETO BAJA DA UFRN','MQE - PROJETO BAJA DA UFRN',1,0,4361,'MQE-PBAJA'),(160,'146010','MQE - ENSINO DOS FUNDAMENTOS DE ENG. DE ALIMENTOS','MQE - ENSINO DOS FUNDAMENTOS DE ENG. DE ALIMENTOS',1,0,4362,'MQE-EFEA'),(161,'146011','MQE - PROJETO E HISTRIA: A CONTRIBUIO DO SCULO XVIII E XIX','MQE - PROJETO E HISTRIA: A CONTRIBUIO DO SCULO XVIII E XIX',1,0,4363,'MQE-PHISTORIA'),(162,'146012','MQE - MANDA MELHOR QUEM SABE FAZER - ELETRICISTA','MQE - MANDA MELHOR QUEM SABE FAZER - ELETRICISTA',1,0,4364,'MQE-MMQSF'),(163,'146013','MQE - BANCO DE GERMOPLASMA DE ESPCIES FORRAGEIRAS','MQE - BANCO DE GERMOPLASMA DE ESPCIES FORRAGEIRAS',1,0,4365,'MQE-BGERMOP'),(164,'14230105','UNIDADE DE MANUTENO EM EQUIPAMENTO ELETRNICO HOSPITALAR','UNIDADE DE MANUTENO EM EQUIPAMENTO ELETRNICO HOSPITALAR',1,0,4413,'umeeh'),(165,'14230106','UNIDADE DE MANUTENO DE REFRIGERAO','UNIDADE DE MANUTENO DE REFRIGERAO',1,0,4414,'umref'),(166,'14230107','MARCENARIA','MARCENARIA',1,0,4415,'marc'),(167,'141503','BIBLIOTECA SETORIAL/DARQ','BIBLIOTECA SETORIAL/DARQ',1,0,4417,'bs'),(168,'1470','NOVOS PESQUISADORES','NOVOS PESQUISADORES',1,0,4422,'NOVOSPESQ'),(169,'147001','NPESQ - JOS ALBERTO NICOLAU DE OLIVEIRA','NPESQ - JOS ALBERTO NICOLAU DE OLIVEIRA',1,0,4423,'NPESQ-JANO'),(170,'147002','NPESQ - MARIA CHRISTINE WERBA SALDANHA','NPESQ - MARIA CHRISTINE WERBA SALDANHA',1,0,4424,'NPESQ-MCWS'),(171,'147003','NPESQ - OTONIEL MARCELINO DE MEDEIROS','NPESQ - OTONIEL MARCELINO DE MEDEIROS',1,0,4425,'NPESQ-OMM'),(172,'14230108','UNIDADE DE MANUTENO ELETRNICA','UNIDADE DE MANUTENO ELETRNICA',1,0,4440,'ume'),(173,'141601','SECRETARIA ADMINISTRATIVA / ENGENHARIA DE MATERIAIS','SECRETARIA ADMINISTRATIVA / ENGENHARIA DE MATERIAIS',1,0,4456,'SECDEMAT'),(174,'141802','SECRETARIA ADMINISTRATIVA / ENGENHARIA COMPUTAO E AUTOMAO','SECRETARIA ADMINISTRATIVA / ENGENHARIA COMPUTAO E AUTOMAO',1,0,4458,'SECDCA'),(175,'142201','SECRETARIA ADMINISTRATIVA / ENGENHARIA DA PRODUO','SECRETARIA ADMINISTRATIVA / ENGENHARIA DA PRODUO',1,0,4459,'SECDEPROD'),(176,'142401','SECRETARIA ADMINISTRATIVA / ENGENHARIA TXTIL','SECRETARIA ADMINISTRATIVA / ENGENHARIA TXTIL',1,0,4461,'SECDET'),(177,'142202','LABORATRIO DE INFORMTICA APLICADA  ENGENHARIA DE PRODUO','LABORATRIO DE INFORMTICA APLICADA  ENGENHARIA DE PRODUO',1,0,4464,'LIEP'),(178,'142203','LABORATRIO DE ACESSIBILIDADE INTEGRADA','LABORATRIO DE ACESSIBILIDADE INTEGRADA',1,0,4465,'LAI'),(179,'142103','LABORATRIO DE TECNOLOGIA DE MATERIAIS','LABORATRIO DE TECNOLOGIA DE MATERIAIS',1,0,4466,'LTM'),(180,'142104','LABORATRIO DE REATORES E TERMODINMICA','LABORATRIO DE REATORES E TERMODINMICA',1,0,4467,'LRT'),(181,'142105','LABORATRIO DE MODELAGEM E SIMULAO','LABORATRIO DE MODELAGEM E SIMULAO',1,0,4468,'LMS'),(182,'142106','LABORATRIO DE ENGENHARIA AMBIENTAL E CONTROLE DE QUALIDADE','LABORATRIO DE ENGENHARIA AMBIENTAL E CONTROLE DE QUALIDADE',1,0,4469,'LEACQ'),(183,'142107','LABORATRIO DE FENMENOS DE TRANSPORTES','LABORATRIO DE FENMENOS DE TRANSPORTES',1,0,4470,'LFT'),(184,'142108','LABORATRIO DE OPERAES UNITRIAS','LABORATRIO DE OPERAES UNITRIAS',1,0,4471,'LOU'),(185,'142109','LABORATRIO DE ENGENHARIA BIOQUMICA','LABORATRIO DE ENGENHARIA BIOQUMICA',1,0,4472,'LEB'),(186,'142110','LABORATRIO DE SISTEMAS PARTICULARES','LABORATRIO DE SISTEMAS PARTICULARES',1,0,4473,'LSP'),(187,'142111','LABORATRIO DE TECNOLOGIA DE ALIMENTOS','LABORATRIO DE TECNOLOGIA DE ALIMENTOS',1,0,4474,'LTA'),(188,'142112','LABORATRIO DE PESQUISA DE PETRLEO E GS','LABORATRIO DE PESQUISA DE PETRLEO E GS',1,0,4475,'LPPG'),(189,'142113','LABORATRIO DE TECNOLOGIA SUPERCRTICA E BIODIESEL','LABORATRIO DE TECNOLOGIA SUPERCRTICA E BIODIESEL',1,0,4476,'LTSB'),(190,'141602','LABORATRIO DE CARACTERIZAO DE MATERIAIS','LABORATRIO DE CARACTERIZAO DE MATERIAIS',1,0,4515,'LCM'),(191,'141402','LABORATRIO DE NUTRIO ANIMAL','LABORATRIO DE NUTRIO ANIMAL',1,0,4531,'LNA/AGP'),(192,'141504','LABORATORIO DE INFORMTICA APLICADA  ARQUITETURA E URBANISMO','LABORATORIO DE INFORMTICA APLICADA  ARQUITETURA E URBANISMO',1,0,4535,'LABINFO'),(193,'141505','ATELIE DE PROJETO DE ARQUITETURA E URBANISMO','ATELIE DE PROJETO DE ARQUITETURA E URBANISMO',1,0,4536,'APARTURB'),(194,'141703','ASFALTO','ASFALTO',1,0,4541,'asf'),(195,'141704','MATERIAIS DE CONSTRUO','MATERIAIS DE CONSTRUO',1,0,4542,'mc'),(196,'141705','MECNICA DOS SOLOS','MECNICA DOS SOLOS',1,0,4543,'ms'),(197,'141706','TOPOGRAFIA','TOPOGRAFIA',1,0,4544,'tpgr'),(198,'141506','LABORATRIO DE MAQUETES','LABORATRIO DE MAQUETES',1,0,4545,'LABMAQ'),(199,'141507','MULTI-MEIOS','MULTI-MEIOS',1,0,4546,'mme'),(200,'141508','LABORATRIO DE SISTEMAS ESTRUTURAIS E CONSTRUTIVOS / LABSEC','LABORATRIO DE SISTEMAS ESTRUTURAIS E CONSTRUTIVOS / LABSEC',1,0,4547,'LABSEC'),(201,'141509','LABORATRIO DE PROJETOS DE INTERIORES','LABORATRIO DE PROJETOS DE INTERIORES',1,0,4548,'lapis'),(202,'141403','AGP IBAMA/PETROBRAS','AGP IBAMA/PETROBRAS',1,0,4559,'AGP/IBAMA'),(203,'1423010203','LABORATRIO DE ELETRNICA','LABORATRIO DE ELETRNICA',1,0,4560,'LEA'),(204,'1423010202','LABORATRIO DE PROPAGAO DE COMUNICAO','LABORATRIO DE PROPAGAO DE COMUNICAO',1,0,4561,'LAPCOM'),(205,'141907','LABORATRIO DE QUALIDADE DE ENERGIA E COMPATIBILIDADE ELETROMAGNTICA','LABORATRIO DE QUALIDADE DE ENERGIA E COMPATIBILIDADE ELETROMAGNTICA',1,0,4562,'LAQEE'),(206,'141906','LABORATRIO DE MICROELETRNICA E SISTEMAS EMBARCADOS','LABORATRIO DE MICROELETRNICA E SISTEMAS EMBARCADOS',1,0,4563,'LMSE'),(207,'141510','BIBLIOTECA SETORIAL DE ARQUITETURA','BIBLIOTECA SETORIAL DE ARQUITETURA',1,0,4678,'BSARQ'),(208,'147004','NPESQ - EDSON MORIYUKITO','NPESQ - EDSON MORIYUKITO',1,0,4744,'NPESQ - EM'),(209,'147005','NPESQ - MARCIANO FURUKAVA','NPESQ - MARCIANO FURUKAVA',1,0,4745,'NPESQ - MF'),(210,'147006','NPESQ - JOS AUGUSTO DA SILVA SANTANA','NPESQ - JOS AUGUSTO DA SILVA SANTANA',1,0,4746,'NPESQ - JASS'),(211,'147007','NPESQ - MARIA DAS VITRIAS V. ALMEIDA DE S','NPESQ - MARIA DAS VITRIAS V. ALMEIDA DE S',1,0,4747,'NPESQ - MVVAS'),(212,'147008','NPESQ - CARLOS MAGNO DE LIMA','NPESQ - CARLOS MAGNO DE LIMA',1,0,4748,'NPESQ - CML'),(213,'147009','NPESQ - ADRIANO DOS SANTOS','NPESQ - ADRIANO DOS SANTOS',1,0,4823,'NPESQ - AS'),(214,'145619','EXT - ATIVIDADE JANGADEIRA','EXT - ATIVIDADE JANGADEIRA',1,0,4824,'AT JANGADEIRA'),(215,'145620','EXT - CONTROLADOR PROGRAMAVEL','EXT - CONTROLADOR PROGRAMAVEL',1,0,4825,'CONTROLADOR'),(216,'145621','EXT - GENESIS','EXT - GENESIS',1,0,4826,'EXT - GENESIS'),(217,'145622','EXT - MORFOLOGIA E HISTORIA DA CIDADE','EXT - MORFOLOGIA E HISTORIA DA CIDADE',1,0,4827,'MORF/HIST CID'),(218,'145623','EXT - CAPIM ELEFANTE','EXT - CAPIM ELEFANTE',1,0,4828,'CAPIM ELEFANT'),(219,'145624','EXT - CULTURA DO SORGO','EXT - CULTURA DO SORGO',1,0,4829,'CULTURA SORGO'),(220,'145625','EXT - RECICLAGEM DE PLACAS DE COMPUTADORES','EXT - RECICLAGEM DE PLACAS DE COMPUTADORES',1,0,4830,'RECIC COMPUT'),(221,'145626','EXT - TRIBOLOGIA TEXTIL','EXT - TRIBOLOGIA TEXTIL',1,0,4831,'TRIBOL TEXTIL'),(222,'145627','EXT - CURSO DE ANALISES BROMATOLOGICAS','EXT - CURSO DE ANALISES BROMATOLOGICAS',1,0,4832,'BROMATOLOGICA'),(223,'145628','EXT - CURSO DE PRODUCAO DE CORDEIROS PRECOCES','EXT - CURSO DE PRODUCAO DE CORDEIROS PRECOCES',1,0,4833,'CORDEIROS'),(224,'145629','EXT - MODELAGEM E DESENVOLVIMENTO DE SOFTWARE','EXT - MODELAGEM E DESENVOLVIMENTO DE SOFTWARE',1,0,4834,'SOFTWARE'),(225,'145630','EXT - RENDEIRAS DA VILA','EXT - RENDEIRAS DA VILA',1,0,4835,'RENDEIRA VILA'),(226,'145631','EXT - TRAMAS DO DESENVOLVIMENTO','EXT - TRAMAS DO DESENVOLVIMENTO',1,0,4836,'TRAMAS DESENV'),(227,'145632','EXT - MULTICAST LP','EXT - MULTICAST LP',1,0,4837,'MULTICAST LP'),(228,'145633','EXT - I ESCOLA DE MICROELETRONICA','EXT - I ESCOLA DE MICROELETRONICA',1,0,4838,'MICROELETRON'),(229,'145634','EXT - HABITAT E CIDADANIA NO CAMPO','EXT - HABITAT E CIDADANIA NO CAMPO',1,0,4839,'HABITAT CAMPO'),(230,'145635','EXT - I WORKSHOP DE ENSINO DE ENGENHARIA DE PRODUCAO','EXT - I WORKSHOP DE ENSINO DE ENGENHARIA DE PRODUCAO',1,0,4840,'ENG PRODUO'),(231,'145636','EXT - HABITACAO E DIREITO A MORADIA','EXT - HABITACAO E DIREITO A MORADIA',1,0,4841,'MORADIA'),(232,'1471','PROGRAMA DE PS-GRADUAO EM ENGENHARIA CIVIL','PROGRAMA DE PS-GRADUAO EM ENGENHARIA CIVIL',1,0,4845,'PEC'),(233,'14310402','COMISSO PERMANENTE DE AVALIAO DE PROGRESSO E DESEMPENHO DOCENTE','COMISSO PERMANENTE DE AVALIAO DE PROGRESSO E DESEMPENHO DOCENTE',1,0,4909,'CPAPD'),(234,'146014','MQE - IMPLEMENTAO DE EXPERIMENTOS DE SECAGEM','MQE - IMPLEMENTAO DE EXPERIMENTOS DE SECAGEM',1,0,5009,'MQE-I.E.SECAG.'),(235,'146015','MQE - VIABILIZAO DE AULAS PRTICAS NO CURSO DE ENG. DE ALIMENTOS','MQE - VIABILIZAO DE AULAS PRTICAS NO CURSO DE ENG. DE ALIMENTOS',1,0,5010,'MQE-AULAS PRT'),(236,'147010','NPESQ - EDMILSON LIRA MADUREIRA','NPESQ - EDMILSON LIRA MADUREIRA',1,0,5032,'NPESQ-ELM'),(237,'147011','NPESQ - YURI DANIEL JATOB COSTA','NPESQ - YURI DANIEL JATOB COSTA',1,0,5033,'NPESQ-YDJC'),(238,'147012','NPESQ - SAMUEL XAVIER DE SOUZA','NPESQ - SAMUEL XAVIER DE SOUZA',1,0,5034,'NPESQ-SXS'),(239,'145637','EXT - BURLE MARX 100 ANOS','EXT - BURLE MARX 100 ANOS',1,0,5036,'BURLE MARX'),(240,'145638','EXT - OBRA DE HENRY LFBVRE','EXT - OBRA DE HENRY LFBVRE',1,0,5037,'HENRY LFBVRE'),(241,'145639','EXT - X ENCONTRO DE CONFORTO AMBIENTAL','EXT - X ENCONTRO DE CONFORTO AMBIENTAL',1,0,5038,'CONFORTO AMB.'),(242,'145640','EXT - COPA CT 50 ANOS','EXT - COPA CT 50 ANOS',1,0,5039,'COPA CT'),(243,'145641','EXT - TELEFONIA MVEL','EXT - TELEFONIA MVEL',1,0,5040,'TELEF. MVEL'),(244,'145642','EXT - PROJETO BANANEIRA','EXT - PROJETO BANANEIRA',1,0,5041,'PROJ BANANEIRA'),(245,'145643','EXT - RECICLAGEM DE COMPUTADORES','EXT - RECICLAGEM DE COMPUTADORES',1,0,5042,'REC COMPUTADOR'),(246,'145644','EXT - ROBTICA EDUCACIONAL','EXT - ROBTICA EDUCACIONAL',1,0,5043,'ROB. EDUCAC.'),(247,'145645','EXT - CONSTRUO E REFORMA DE MORADIAS','EXT - CONSTRUO E REFORMA DE MORADIAS',1,0,5052,'MORADIAS'),(248,'145646','EXT - CURSO DE CAPACITAO DE MUTIRANTES','EXT - CURSO DE CAPACITAO DE MUTIRANTES',1,0,5053,'CAPAC-MUTIRANT'),(249,'1433','DEPARTAMENTO DE ENGENHARIA DE PETROLEO','DEPARTAMENTO DE ENGENHARIA DE PETROLEO',1,0,5075,'DPET'),(250,'143115','ASSESSORIA DE ESPORTE, LAZER E QUALIDADE DE VIDA','ASSESSORIA DE ESPORTE, LAZER E QUALIDADE DE VIDA',1,0,5077,'ASS.E.L.Q.VIDA'),(251,'141904','PET - ENGENHARIA ELTRICA','PET - ENGENHARIA ELTRICA',1,0,5107,'PET-EE'),(252,'1436','DEPARTAMENTO DE ENGENHARIA DE COMUNICACOES','DEPARTAMENTO DE ENGENHARIA DE COMUNICACOES',1,0,5204,'DCO'),(253,'1435','DEPARTAMENTO DE ENGENHARIA BIOMEDICA','DEPARTAMENTO DE ENGENHARIA BIOMEDICA',1,0,5205,'DEB'),(254,'1476','COORDENAO DO CURSO DE ENGENHARIA DE PETRLEO','COORDENAO DO CURSO DE ENGENHARIA DE PETRLEO',1,0,5281,'CCEP/CT'),(255,'142013','LABORATRIO DE AUTOMAO DE PROJETOS E TECNOLOGIA 3D','LABORATRIO DE AUTOMAO DE PROJETOS E TECNOLOGIA 3D',1,0,5283,'LAPT3D'),(256,'142801','BIBLIOTECA SETORIAL DE ENGENHARIA MECNICA','BIBLIOTECA SETORIAL DE ENGENHARIA MECNICA',1,0,5284,'BSEM/CT'),(257,'142014','LABORATRIO DE MOBILIDADE','LABORATRIO DE MOBILIDADE',1,0,5396,'LABMOBIL'),(258,'142115','CT - REUNI','CT - REUNI',1,0,5487,'CT - REUNI'),(259,'140901','CURSO DE ENGENHARIA DE PRODUO - REUNI','CURSO DE ENGENHARIA DE PRODUO - REUNI',1,0,5623,'ENGPRO/REUNI'),(260,'1448','COORDENAO DO CURSO DE ENGENHARIA MECATRNICA','COORDENAO DO CURSO DE ENGENHARIA MECATRNICA',1,0,5632,'CCEMECTR'),(261,'1477','COORDENAO DO CURSO DE ENGENHARIA DE COMUNICAES','COORDENAO DO CURSO DE ENGENHARIA DE COMUNICAES',1,0,5663,'CCECOM'),(262,'1431040101','SUPORTE E APOIO LOGSTICO DE INFORMTICA','SUPORTE E APOIO LOGSTICO DE INFORMTICA',1,0,5672,'SALI/CT'),(263,'1499','PROJETOS ACADMICOS - CT','PROJETOS ACADMICOS - CT',1,0,5873,'PROJETOS/CT'),(264,'149902','EDITAL - PROEX (CURSOS E EVENTOS) - CT','EDITAL - PROEX (CURSOS E EVENTOS) - CT',1,0,5874,'CEV/EXT/CT'),(265,'14990201','EV032-2011 - 1A. OFICINA DE NOVOS MATERIAIS DA UFRN: MATERIAIS PARTICULADOS E NANOTECNOLOGIA','EV032-2011 - 1A. OFICINA DE NOVOS MATERIAIS DA UFRN: MATERIAIS PARTICULADOS E NANOTECNOLOGIA',1,0,5875,'EV032-2011'),(266,'14990202','EV038-2011 - I COLQUIO O ESPAO DO HABITAT NA OBRA DE HENRI LEFEBVRE: DO RURAL AO URBANO','EV038-2011 - I COLQUIO O ESPAO DO HABITAT NA OBRA DE HENRI LEFEBVRE: DO RURAL AO URBANO',1,0,5876,'EV038-2011'),(267,'14990203','EV045-2011 - ENCONTRO REGIONAL DE ENGENHARIA E DESENVOLVIMENTO SOCIOAMBIENTAL - EREDS','EV045-2011 - ENCONTRO REGIONAL DE ENGENHARIA E DESENVOLVIMENTO SOCIOAMBIENTAL - EREDS',1,0,5877,'EV045-2011'),(268,'149903','EDITAL - AES ACADMICAS ASSOCIADAS 2011 - CT','EDITAL - AES ACADMICAS ASSOCIADAS 2011 - CT',1,0,5941,'ED/AAA/CT'),(269,'14990301','0209/2011 - A CRIATIVIDADE COMO PRINCIPAL INFLUENCIADOR NA INOVAO DE PRODUTOS: ESTUDO COM ARTESOS DO MUNICPIO DE VERA CRUZ-RN, ALUNOS DA PR-ESCOLA E ALUNOS DE GRADUAO.','0209/2011 - A CRIATIVIDADE COMO PRINCIPAL INFLUENCIADOR NA INOVAO DE PRODUTOS: ESTUDO COM ARTESOS DO MUNICPIO DE VERA CRUZ-RN, ALUNOS DA PR-ESCOLA E ALUNOS DE GRADUAO.',1,0,5942,'0209/2011'),(270,'14990302','0441/2011 - DESENVOLVIMENTO DE ATIVIDADES DE PESQUISA E ENSINO NO LAMTRE (LABORATRIO DE MONITORAMENTO E TRATAMENTO DE RESDUOS DA INDSTRIA DO PETRLEO).','0441/2011 - DESENVOLVIMENTO DE ATIVIDADES DE PESQUISA E ENSINO NO LAMTRE (LABORATRIO DE MONITORAMENTO E TRATAMENTO DE RESDUOS DA INDSTRIA DO PETRLEO).',1,0,5943,'0441/2011'),(271,'14990303','0740/2011 - CIENTISTAS DE HOJE E DO AMANH: TEATRO, EXPERIMENTOS E IDEIAS BUSCANDO O ESTMULO  CINCIA E  EDUCAO EM ESCOLAS PBLICAS DE NATAL  RN','0740/2011 - CIENTISTAS DE HOJE E DO AMANH: TEATRO, EXPERIMENTOS E IDEIAS BUSCANDO O ESTMULO  CINCIA E  EDUCAO EM ESCOLAS PBLICAS DE NATAL  RN',1,0,5944,'0740/2011'),(272,'14990304','0244/2011 - ENSINO, PESQUISA E EXTENSO: APLICAES DA INFERNCIA BAYESIANA EM PROBLEMAS DE DIAGNSTICO','0244/2011 - ENSINO, PESQUISA E EXTENSO: APLICAES DA INFERNCIA BAYESIANA EM PROBLEMAS DE DIAGNSTICO',1,0,5945,'0244/2011'),(273,'14990305','0829/2011 - HABITAO DE INTERESSE SOCIAL EM MOVIMENTO','0829/2011 - HABITAO DE INTERESSE SOCIAL EM MOVIMENTO',1,0,5946,'0829/2011'),(274,'14990306','0229/2011 - ANLISE E OTIMIZAO DE ESTRUTURAS PLANARES SOBRE SUBSTRATOS METAMATERIAIS UTILIZANDO REDES NEURAIS ARTIFICIAIS E ALGORITMOS DE OTIMIZAO NATURAL','0229/2011 - ANLISE E OTIMIZAO DE ESTRUTURAS PLANARES SOBRE SUBSTRATOS METAMATERIAIS UTILIZANDO REDES NEURAIS ARTIFICIAIS E ALGORITMOS DE OTIMIZAO NATURAL',1,0,5947,'0229/2011'),(275,'14990307','0650/2011 - CARBONO ACADMICO ZERO','0650/2011 - CARBONO ACADMICO ZERO',1,0,5948,'0650/2011'),(276,'1449','COORDENAO DO CURSO DE ENGENHARIA AMBIENTAL','COORDENAO DO CURSO DE ENGENHARIA AMBIENTAL',1,0,5964,'CCEACTR'),(277,'1472','COORDENAO DO CURSO DE ENGENHARIA BIOMDICA','COORDENAO DO CURSO DE ENGENHARIA BIOMDICA',1,0,5992,'CCEB/CT'),(278,'141803','LABORATRIO DE AVALIAO DE MEDIO EM PETRLEO','LABORATRIO DE AVALIAO DE MEDIO EM PETRLEO',1,0,6018,'LAMP/DCA'),(279,'1452','COORDENAO DO CURSO DE ENGENHARIA DE TELECOMUNICAES','COORDENAO DO CURSO DE ENGENHARIA DE TELECOMUNICAES',1,0,6040,'CCETEL'),(280,'141804','LABORATRIO DE INFORMTICA INDUSTRIAL','LABORATRIO DE INFORMTICA INDUSTRIAL',1,0,6061,'LII/CT'),(281,'141805','LABORATRIO DE ENGENHARIA DE COMPUTAO E AUTOMAO','LABORATRIO DE ENGENHARIA DE COMPUTAO E AUTOMAO',1,0,6153,'LECA'),(282,'141806','SECRETARIA DO LECA','SECRETARIA DO LECA',1,0,6154,'SECLECA'),(283,'141807','LABORATRIO DE ADMINISTRAO DE REDES/LECA','LABORATRIO DE ADMINISTRAO DE REDES/LECA',1,0,6155,'LARE/LECA'),(284,'141808','LABORATRIO DE PROCESSAMENTO DE SINAIS','LABORATRIO DE PROCESSAMENTO DE SINAIS',1,0,6156,'LPS/LECA'),(285,'141809','LABORATRIO DE SEGURANA DE INFORMAO','LABORATRIO DE SEGURANA DE INFORMAO',1,0,6157,'LABSIN/LECA'),(286,'141810','LABORATRIO DE SENSORIAMENTO E CONTROLE','LABORATRIO DE SENSORIAMENTO E CONTROLE',1,0,6158,'LABSENS/LECA'),(287,'141811','LABORATRIO DE OTIMIZAO E SUPERVISO DE SISTEMAS','LABORATRIO DE OTIMIZAO E SUPERVISO DE SISTEMAS',1,0,6159,'LOSS/LECA'),(288,'141812','LABORATRIO DE SISTEMAS INTELIGENTES','LABORATRIO DE SISTEMAS INTELIGENTES',1,0,6160,'LABSIS/LECA'),(289,'141813','LABORATRIO NATALNET','LABORATRIO NATALNET',1,0,6161,'LABNATNET'),(290,'141814','LABORATRIO DE CONTROLE DE PROCESSOS','LABORATRIO DE CONTROLE DE PROCESSOS',1,0,6162,'LCP/LECA'),(291,'141815','LABORATRIO DE ROBTICA','LABORATRIO DE ROBTICA',1,0,6163,'LAR/LECA'),(292,'141816','LABORATRIO DE HARDWARE RECONFIGURVEL','LABORATRIO DE HARDWARE RECONFIGURVEL',1,0,6164,'LHR'),(293,'141817','LABORATRIO DE AUTOMAO','LABORATRIO DE AUTOMAO',1,0,6165,'LAUTO/LECA'),(294,'141818','LABORATRIO DE COMPUTADORES DE GRADUAO','LABORATRIO DE COMPUTADORES DE GRADUAO',1,0,6166,'LCG/LECA'),(295,'141819','LABORATRIO DE AUTOMAO EM PETRLEO','LABORATRIO DE AUTOMAO EM PETRLEO',1,0,6167,'LAUT'),(296,'141820','SECRETARIA DO LAUT','SECRETARIA DO LAUT',1,0,6168,'SECLAUT'),(297,'141821','BIBLIOTECA DO LAUT','BIBLIOTECA DO LAUT',1,0,6169,'BIBLAUT'),(298,'141822','LABORATRIO DE CONTROLE E SUPERVISO DE PROCESSOS','LABORATRIO DE CONTROLE E SUPERVISO DE PROCESSOS',1,0,6170,'LCSP/LAUT'),(299,'141823','LABORATRIO DE CONTROLE AVANADO E OTIMIZAO DE PROCESSOS','LABORATRIO DE CONTROLE AVANADO E OTIMIZAO DE PROCESSOS',1,0,6171,'LCAOP/LAUT'),(300,'141824','LABORATRIO DE AUTOMAO DA ELEVAO ARTIFICIAL','LABORATRIO DE AUTOMAO DA ELEVAO ARTIFICIAL',1,0,6172,'LAEA/LAUT'),(301,'141825','LABORATRIO DE GERENCIAMENTO DA INFORMAO','LABORATRIO DE GERENCIAMENTO DA INFORMAO',1,0,6173,'LGI/LAUT'),(302,'141826','LABORATRIO DE AVALIAO DE MEDIO EM PETRLEO','LABORATRIO DE AVALIAO DE MEDIO EM PETRLEO',1,0,6174,'LAMP'),(303,'141827','SECRETARIA DO LAMP','SECRETARIA DO LAMP',1,0,6175,'SECLAMP'),(304,'141828','SUPERVISO DE CONTROLE DE PROCESSO LAMP','SUPERVISO DE CONTROLE DE PROCESSO LAMP',1,0,6176,'SCP/LAMP'),(305,'141829','LABORATRIO DE INSTRUMENTAO INTELIGENTE','LABORATRIO DE INSTRUMENTAO INTELIGENTE',1,0,6177,'LII/LAMP'),(306,'141830','LABORATRIO DE INSTRUMENTAO PARA AUTOMAO INDUSTRIAL','LABORATRIO DE INSTRUMENTAO PARA AUTOMAO INDUSTRIAL',1,0,6178,'LIAI/LAMP'),(307,'141831','LABORATRIO DE PLASMA E PROCESSOS RECICLVEIS','LABORATRIO DE PLASMA E PROCESSOS RECICLVEIS',1,0,6179,'LPPR/LAMP'),(308,'141832','LABORATRIO DE ELEVAO DE PETRLEO','LABORATRIO DE ELEVAO DE PETRLEO',1,0,6180,'LABEL'),(309,'142116','LABORATRIO DE ANLISES SENSORIAL','LABORATRIO DE ANLISES SENSORIAL',1,0,6181,'LABANS'),(310,'142117','LABORATRIO DE BIOMASSA E BIOCOMBUSTVEL','LABORATRIO DE BIOMASSA E BIOCOMBUSTVEL',1,0,6182,'LABBB'),(311,'142118','LABORATRIO DE BIOPROCESSOS','LABORATRIO DE BIOPROCESSOS',1,0,6183,'LABBIO'),(312,'142119','LABORATRIO DE COMPOSTOS BIOATIVOS E TECNOLOGIA ANIMAL','LABORATRIO DE COMPOSTOS BIOATIVOS E TECNOLOGIA ANIMAL',1,0,6184,'LABCBTA'),(313,'142120','LABORATRIO DE CONTROLE DE QUALIDADE E MICROBIOLOGIA DE ALIMENTOS','LABORATRIO DE CONTROLE DE QUALIDADE E MICROBIOLOGIA DE ALIMENTOS',1,0,6185,'LCQMA'),(314,'142121','LABORATRIO DE MATERIAIS NANOESTRUTURADOS E REATORES CATALTICOS','LABORATRIO DE MATERIAIS NANOESTRUTURADOS E REATORES CATALTICOS',1,0,6186,'LMNRC'),(315,'142122','LABORATRIO DE PROCESSOS DE SEPARAO EM ALIMENTOS','LABORATRIO DE PROCESSOS DE SEPARAO EM ALIMENTOS',1,0,6187,'LPSA'),(316,'149905','EDITAL UFRN/PROGRAD/PROPESQ/PROEX - CT','EDITAL UFRN/PROGRAD/PROPESQ/PROEX - CT',1,0,6456,'ED UFRN/CT'),(317,'14990501','ASSESSORIA E FORMAO TECNOLGICA PARA FORTALECIMENTO DA CADEIA PRODUTIVA DE RESDUOS SLIDOS URBANOS DE NATAL','ASSESSORIA E FORMAO TECNOLGICA PARA FORTALECIMENTO DA CADEIA PRODUTIVA DE RESDUOS SLIDOS URBANOS DE NATAL',1,0,6465,'PROJETO'),(318,'14990502','O VERSO DO REVERSO NA CONSTRUO DO HABITAT DO CAMPO: GNERO, PARTICIPAO E CIDADANIA','O VERSO DO REVERSO NA CONSTRUO DO HABITAT DO CAMPO: GNERO, PARTICIPAO E CIDADANIA',1,0,6477,'PROJETO'),(319,'14990503','TEIA: TRABALHO-EFICINCIA-INCLUSO-ACESSIBILIDADE','TEIA: TRABALHO-EFICINCIA-INCLUSO-ACESSIBILIDADE',1,0,6478,'PROJETO'),(320,'14990504','DESPERTA  INOVAO, A FACE FEMININA DO EMPREENDEDORISMO','DESPERTA  INOVAO, A FACE FEMININA DO EMPREENDEDORISMO',1,0,6486,'PROJETO'),(321,'149906','EDITAL 02 PROEX UFRN/PROEX - AES ISOLADAS 2012 - CT','EDITAL 02 PROEX UFRN/PROEX - AES ISOLADAS 2012 - CT',1,0,6495,'ED02UFRN/PROEX'),(322,'149907','EDITAL 02 PROEX UFRN/PROEX - AES INTEGRADAS 2012 - CT','EDITAL 02 PROEX UFRN/PROEX - AES INTEGRADAS 2012 - CT',1,0,6511,'ED02UFRN/PROEX'),(323,'14990601','DIVULGAO DO CURSO DE ENGENHARIA TXTIL NAS ESCOLAS PARTICULARES E PUBLICAS DE NATAL','DIVULGAO DO CURSO DE ENGENHARIA TXTIL NAS ESCOLAS PARTICULARES E PUBLICAS DE NATAL',1,0,6639,'PROJETOS/CT'),(324,'14990602','PROJETO LAE (LAR DO ANCIO EVANGLICO)','PROJETO LAE (LAR DO ANCIO EVANGLICO)',1,0,6640,'PROJETOS/CT'),(325,'14990603','PROJETOS DE EXTENSO COMO UMA ALTERNATIVA PARA O DESENVOLVIMENTO DO EXTREMO OESTE DO RIO GRANDE DO NORTE: UM ESTUDO DE CASO DO HMGF','PROJETOS DE EXTENSO COMO UMA ALTERNATIVA PARA O DESENVOLVIMENTO DO EXTREMO OESTE DO RIO GRANDE DO NORTE: UM ESTUDO DE CASO DO HMGF',1,0,6641,'PROJETOS/CT'),(326,'14990604','PROJETO SEMINRIO SO PEDRO','PROJETO SEMINRIO SO PEDRO',1,0,6642,'PROJETOS/CT'),(327,'14990605','PROJETO VILA DE PONTA NEGRA','PROJETO VILA DE PONTA NEGRA',1,0,6643,'PROJETOS/CT'),(328,'14990606','DESENVOLVIMENTO DE MERCADO LOCAL PARA RESDUO DE POLISTER INSATURADO','DESENVOLVIMENTO DE MERCADO LOCAL PARA RESDUO DE POLISTER INSATURADO',1,0,6644,'PROJETOS/CT'),(329,'14990607','A ASSESSORIA TCNICA DE ARQUITETOS E ENGENHEIROS EM HABITAES DE INTERESSE SOCIAL NO CAMPO: AMPLIAO, RE-USO DE GUAS RESIDUAIS E O PLANEJAMENTO DAS REAS LIVRES EM ASSENTAMENTOS COORDENADOS PELO MS','A ASSESSORIA TCNICA DE ARQUITETOS E ENGENHEIROS EM HABITAES DE INTERESSE SOCIAL NO CAMPO: AMPLIAO, RE-USO DE GUAS RESIDUAIS E O PLANEJAMENTO DAS REAS LIVRES EM ASSENTAMENTOS COORDENADOS PELO MS',1,0,6645,'PROJETOS/CT'),(330,'14990608','CONSULTORIA AO PROJETO CASA D\'GUA','CONSULTORIA AO PROJETO CASA D\'GUA',1,0,6646,'PROJETOS/CT'),(331,'14990609','CONSULTORIA TXTIL JNIOR: CONSTITUDA E GERIDA EXCLUSIVAMENTE POR ALUNOS DE GRADUAO DO CURSO DE ENGENHARIA TXTIL PARA ESTABELECIMENTOS E PRESTAR SERVIO E CONSULTORIA E DESENVOLVER PROJETOS PAR','CONSULTORIA TXTIL JNIOR: CONSTITUDA E GERIDA EXCLUSIVAMENTE POR ALUNOS DE GRADUAO DO CURSO DE ENGENHARIA TXTIL PARA ESTABELECIMENTOS E PRESTAR SERVIO E CONSULTORIA E DESENVOLVER PROJETOS PAR',1,0,6647,'PROJETOS/CT'),(332,'14990611','EDUCAO/CONSULTORIA ECONMICO-FINANCEIRA DOMSTICA E SADE DO SERVIDOR','EDUCAO/CONSULTORIA ECONMICO-FINANCEIRA DOMSTICA E SADE DO SERVIDOR',1,0,6745,'PROJETOS/DAS'),(333,'14310403','CERIMONIAL DO CT','CERIMONIAL DO CT',1,0,6798,'CERIMONIAL/CT'),(334,'14990701','REALIDADE VIRTUAL NO CONTEXTO DA REABILITAO DE PACIENTES NEUROLGICOS','REALIDADE VIRTUAL NO CONTEXTO DA REABILITAO DE PACIENTES NEUROLGICOS',1,0,6815,'PROJETOS/CT'),(335,'14990702','MORADIA E MEIO AMBIENTE: MAPEAMENTO, MONITORAMENTO E APRENDIZAGEM SOCIAL PARA A GARANTIA DOS DIREITOS HUMANOS NA COPA 2014 EM NATAL/ RN','MORADIA E MEIO AMBIENTE: MAPEAMENTO, MONITORAMENTO E APRENDIZAGEM SOCIAL PARA A GARANTIA DOS DIREITOS HUMANOS NA COPA 2014 EM NATAL/ RN',1,0,6816,'PROJETOS/CT'),(336,'14990703','UMA ANLISE DIAGNSTICA DA QUALIDADE DA ENERGIA ELTRICA NA UFRN ASSOCIADA AO ESTMULO  IMPLANTAO DE UMA POLTICA DE EFICINCIA ENERGTICA NA UFRN E EM ESCOLAS PBLICAS DE NATAL','UMA ANLISE DIAGNSTICA DA QUALIDADE DA ENERGIA ELTRICA NA UFRN ASSOCIADA AO ESTMULO  IMPLANTAO DE UMA POLTICA DE EFICINCIA ENERGTICA NA UFRN E EM ESCOLAS PBLICAS DE NATAL',1,0,6817,'PROJETOS/CT'),(337,'14990704','DISLEXIA DE LEITURA','DISLEXIA DE LEITURA',1,0,6818,'PROJETOS/CT'),(338,'14990705','EMPREENDEDORISMO E INOVAO NO RU DA UFRN. DISSERTAO DEFENDIDA. QUALIDADE IMPLANTADA.','EMPREENDEDORISMO E INOVAO NO RU DA UFRN. DISSERTAO DEFENDIDA. QUALIDADE IMPLANTADA.',1,0,6819,'PROJETOS/CT'),(339,'14990706','CRIATIVIDADE E INOVAO DE PRODUTOS: PROPOSTA DE DIRETRIZES E BOAS PRTICAS PARA O DESENVOLVIMENTO DO POTENCIAL CRIATIVO NA GRADUAO, NA PR-ESCOLA E PARA O DESENVOLVIMENTO DE NOVOS PRODUTOS ARTESANA','CRIATIVIDADE E INOVAO DE PRODUTOS: PROPOSTA DE DIRETRIZES E BOAS PRTICAS PARA O DESENVOLVIMENTO DO POTENCIAL CRIATIVO NA GRADUAO, NA PR-ESCOLA E PARA O DESENVOLVIMENTO DE NOVOS PRODUTOS ARTESANA',1,0,6820,'PROJETOS/CT'),(340,'14990707','PRODUTIVA JNIOR EM RGOS DO TERCEIRO SETOR','PRODUTIVA JNIOR EM RGOS DO TERCEIRO SETOR',1,0,6821,'PROJETOS/CT'),(341,'14990610','IV DOCOMOMO NORTE/NORDESTE','IV DOCOMOMO NORTE/NORDESTE',1,0,6911,'PROJETOS/CT'),(342,'147014','NPESQ - MARCELO AUGUSTO COSTA FERNANDES','NPESQ - MARCELO AUGUSTO COSTA FERNANDES',1,0,6940,'NPESQ'),(343,'147015','NPESQ - MAURCIO MHIRDAUI PIRES','NPESQ - MAURCIO MHIRDAUI PIRES',1,0,6941,'NPESQ'),(344,'147016','NPESQ - VANESSA BECKER','NPESQ - VANESSA BECKER',1,0,6942,'NPESQ'),(345,'145520','GPESQ - COMPETITIVIDADE, INOVAO E ESTRATGIA DE GESTO','GPESQ - COMPETITIVIDADE, INOVAO E ESTRATGIA DE GESTO',1,0,6943,'GPESQ'),(346,'145521','GPESQ - ESTUDOS CONTEMPORNEOS DO HABITAT - ECOHABITAT','GPESQ - ESTUDOS CONTEMPORNEOS DO HABITAT - ECOHABITAT',1,0,6944,'GPESQ'),(347,'147013','KURIOS IURI PINHEIRO DE MELO QUEIROZ','KURIOS IURI PINHEIRO DE MELO QUEIROZ',1,0,6946,'PESQ'),(348,'145522','GPESQ - HISTRIA DA CIDADE, DO TERRITRIO E DO URBANISMO - HCURB','GPESQ - HISTRIA DA CIDADE, DO TERRITRIO E DO URBANISMO - HCURB',1,0,6947,'GPES/HCURB'),(349,'1475','PROGRAMA DE PS-GRADUAO EM ARQUITETURA, PROJETO E MEIO AMBIENTE','PROGRAMA DE PS-GRADUAO EM ARQUITETURA, PROJETO E MEIO AMBIENTE',1,0,6967,'PPAPMA'),(350,'149908','EDITAL UFRN/PROGRAD/PPG/PROPESQ/PROEX NO 09/2011','EDITAL UFRN/PROGRAD/PPG/PROPESQ/PROEX NO 09/2011',1,0,7004,'ED UFRN 09/11'),(351,'14990801','9 ENCONTRO NACIONAL DE ENGENHARIA E DESENVOLVIMENTO SOCIAL - ENEDS','9 ENCONTRO NACIONAL DE ENGENHARIA E DESENVOLVIMENTO SOCIAL - ENEDS',1,0,7014,'ENEDS'),(352,'14990802','DESTINE 2012 - ENCONTRO DAS EMPRESAS JUNIORES','DESTINE 2012 - ENCONTRO DAS EMPRESAS JUNIORES',1,0,7017,'DESTINE'),(353,'14990803','X SEMINRIO DE INFORMTICA E ENGENHARIA DE COMPUTAO - SINEC 2012','X SEMINRIO DE INFORMTICA E ENGENHARIA DE COMPUTAO - SINEC 2012',1,0,7034,'SINEC/CT'),(354,'140002','PVG7322-2011 - EQUIPE POTI-UFRN DE FUTEBOL ROBS','PVG7322-2011 - EQUIPE POTI-UFRN DE FUTEBOL ROBS',1,0,7099,'EPFR/UFRN'),(355,'149901','EXTENSO - FINANCIAMENTOS EXTERNOS - CT','EXTENSO - FINANCIAMENTOS EXTERNOS - CT',1,0,7131,'EXT/FINEXT'),(356,'14990101','GRUPO DE EXTENSO E PESQUISA EM ERGONOMIA - GREPE','GRUPO DE EXTENSO E PESQUISA EM ERGONOMIA - GREPE',1,0,7132,'grepe'),(357,'140003','PVG8631 - MINIBAJA','PVG8631 - MINIBAJA',1,0,7174,'MINIBAJA'),(358,'149909','PROEXT 2013 - CENTRO DE TECNOLOGIA','PROEXT 2013 - CENTRO DE TECNOLOGIA',1,0,7230,'PROEXT2013'),(359,'14990901','MOBILIZAO, FORMAO E ASSESSORIA','MOBILIZAO, FORMAO E ASSESSORIA',1,0,7249,'MFA'),(360,'14990902','CONSTITUIO E CAPACITAO DE FRUM SOCIAL','CONSTITUIO E CAPACITAO DE FRUM SOCIAL',1,0,7250,'CCFS'),(361,'142015','LABORATRIO DE PROTOTIPAGEM RPIDA E TECNOLOGIA 3D','LABORATRIO DE PROTOTIPAGEM RPIDA E TECNOLOGIA 3D',1,0,7262,'LABPROT'),(362,'1473','PROGRAMA DE PS-GRADUAO EM ENERGIA ELTRICA','PROGRAMA DE PS-GRADUAO EM ENERGIA ELTRICA',1,0,7268,'MPEE'),(363,'149904','PROJETOS APROVADOS 2013 (CT - PROEX)','PROJETOS APROVADOS 2013 (CT - PROEX)',1,0,7423,'PROCT'),(364,'14990401','PROJETO SEMINRIO SO PEDRO','PROJETO SEMINRIO SO PEDRO',1,0,7427,'PSSP'),(365,'14990402','PROJETO ARQUITETURA E HABITAO','PROJETO ARQUITETURA E HABITAO',1,0,7428,'PAH'),(366,'14990403','SISTEMA NO-INVASIVO DE AUXLIO  EMISSO DE DIAGNSTICO MDICO DE PATOLOGIAS DO TRATO VOCAL.','SISTEMA NO-INVASIVO DE AUXLIO  EMISSO DE DIAGNSTICO MDICO DE PATOLOGIAS DO TRATO VOCAL.',1,0,7429,'SNI'),(367,'14990404','PROJETO ARQUITETURA E AS MDIAS','PROJETO ARQUITETURA E AS MDIAS',1,0,7430,'PAM'),(368,'14990405','PROJETO DA PAISAGEM E PAISAGISMO','PROJETO DA PAISAGEM E PAISAGISMO',1,0,7431,'PPP'),(369,'14990406','AO DE APOIO  IMPLANTAO DO CURSO TCNICO DE NVEL MDIO COM HABILITAO EM AUTOMAO INDUSTRIAL DO INSTITUTO METRPOLE DIGITAL','AO DE APOIO  IMPLANTAO DO CURSO TCNICO DE NVEL MDIO COM HABILITAO EM AUTOMAO INDUSTRIAL DO INSTITUTO METRPOLE DIGITAL',1,0,7432,'AAICT'),(370,'14990407','PROJETO LAE (LAR DO ANCIO EVANGLICO)','PROJETO LAE (LAR DO ANCIO EVANGLICO)',1,0,7433,'PLAE'),(371,'14990408','PROJETO DE INCLUSAO DIGITAL DE INFORMACAO TECNOLOGIA PARA COMUNIDADES RURAIS SOBRE AROVITAMENENTO INTEGRAL DE CAMARO,PEIXE E FRUTAS DE PRODUOMAIS LIMPA E BOA PRATICA','PROJETO DE INCLUSAO DIGITAL DE INFORMACAO TECNOLOGIA PARA COMUNIDADES RURAIS SOBRE AROVITAMENENTO INTEGRAL DE CAMARO,PEIXE E FRUTAS DE PRODUOMAIS LIMPA E BOA PRATICA',1,0,7434,'PIDIT'),(372,'14990409','MATURIDADE COM VIDA EQUILIBRADA NA PIRMIDE DE MASLOW','MATURIDADE COM VIDA EQUILIBRADA NA PIRMIDE DE MASLOW',1,0,7464,'MVEPM'),(373,'140004','PROGRAMA DE PS-GRADUAO MESTRADO PROFISSIONAL EM ENERGIA ELTRICA','PROGRAMA DE PS-GRADUAO MESTRADO PROFISSIONAL EM ENERGIA ELTRICA',1,0,7483,'PPMPEE'),(374,'149910','PROJETOS DE ENSINO APROVADOS E RECURSOS FINANCEIROS CONCEDIDOS (CT) - 2013 (INTEGRADOS E PAMQEG)','PROJETOS DE ENSINO APROVADOS E RECURSOS FINANCEIROS CONCEDIDOS (CT) - 2013 (INTEGRADOS E PAMQEG)',1,0,7525,'PROENARFCTIPAM'),(375,'14991001','DESENVOLVIMENTO DE EXPERIMENTOS DE LABORATRIO PARA ALUNOS DE GRADUAO VOLTADOS PARA DISCIPLINAS CORRELATAS A REA DE SISTEMAS EMBARCADOS E PROCESSAMENTO DIGITAL DE SINAIS','DESENVOLVIMENTO DE EXPERIMENTOS DE LABORATRIO PARA ALUNOS DE GRADUAO VOLTADOS PARA DISCIPLINAS CORRELATAS A REA DE SISTEMAS EMBARCADOS E PROCESSAMENTO DIGITAL DE SINAIS',1,0,7526,'SISEPDS'),(376,'14991002','PAMQEG ATUALIZAO E APRIMORAMENTO DOS RECURSOS DIDTICOS','PAMQEG ATUALIZAO E APRIMORAMENTO DOS RECURSOS DIDTICOS',1,0,7527,'PAMAARD'),(377,'14991003','CLCULO APLICADO REALMENTE APLICADO','CLCULO APLICADO REALMENTE APLICADO',1,0,7553,'CAPLRAP'),(378,'147017','NPESQ - LUIZ ALESSANDRO PINHEIRO DA CMARA DE QUEIROZ','NPESQ - LUIZ ALESSANDRO PINHEIRO DA CMARA DE QUEIROZ',1,0,7586,'NPESQ-LAPCQ'),(379,'147018','NPESQ - NICOLAU APOENA CASTRO','NPESQ - NICOLAU APOENA CASTRO',1,0,7587,'NPESQ-NAC'),(380,'147019','NPESQ - PAULO JOS LISBOA NOBRE','NPESQ - PAULO JOS LISBOA NOBRE',1,0,7588,'NPESQ-PJLN'),(381,'147020','NPESQ - IRAN MARQUES DE LIMA','NPESQ - IRAN MARQUES DE LIMA',1,0,7589,'NPESQ-IMLIMA'),(382,'149911','CT - PROJETOS APROVADOS 2013 (AES ACADMICAS - 2013)','CT - PROJETOS APROVADOS 2013 (AES ACADMICAS - 2013)',1,0,7597,'CTPROAACA2013'),(383,'14991101','2013 - CONSCIENTIZAO AMBIENTAL E INOVAO NO RU DA UFRN: FASE 2 CONSOLIDAES DA PESQUISAES.','2013 - CONSCIENTIZAO AMBIENTAL E INOVAO NO RU DA UFRN: FASE 2 CONSOLIDAES DA PESQUISAES.',1,0,7683,'ConscieAMBIENT'),(384,'14991102','2013 - SISTEMA DE DETECO E CLASSIFICAO DE DISFUNES DO TRATO VOCAL ASSOCIADAS A PATOLOGIAS LARNGEAS','2013 - SISTEMA DE DETECO E CLASSIFICAO DE DISFUNES DO TRATO VOCAL ASSOCIADAS A PATOLOGIAS LARNGEAS',1,0,7684,'CLASDISFUN'),(385,'14991103','2013 - PROJETO PARA PROTOTIPAGEM RPIDA VIA SIMULAO DE SISTEMAS DE TELECOMUNICAES','2013 - PROJETO PARA PROTOTIPAGEM RPIDA VIA SIMULAO DE SISTEMAS DE TELECOMUNICAES',1,0,7685,'PROJPROTTIPAGE'),(386,'14991104','2013 - CRIATIVIDADE E INOVAO NO SISTEMA DE PRODUO DE ARTESOS: PROPOSTA DE UM NOVO MODELO DE PRODUO PARA COMUNIDADES DE ARTESOS DO ESTADO DE RN A PARTIR DO USO DA CRIATIVIDADE DE ALUNOS DE ENGE','2013 - CRIATIVIDADE E INOVAO NO SISTEMA DE PRODUO DE ARTESOS: PROPOSTA DE UM NOVO MODELO DE PRODUO PARA COMUNIDADES DE ARTESOS DO ESTADO DE RN A PARTIR DO USO DA CRIATIVIDADE DE ALUNOS DE ENGE',1,0,7686,'CriativiINOVAC'),(387,'14991105','2013 - OBSERVATRIO DA DENGUE - MONITORAMENTO EM TEMPO REAL DOS FOCOS DE DENGUE: UMA AO EFETIVA DO ENSINO, DA PESQUISA E DA EXTENSO NA ATENO PRIMARIA A SADE','2013 - OBSERVATRIO DA DENGUE - MONITORAMENTO EM TEMPO REAL DOS FOCOS DE DENGUE: UMA AO EFETIVA DO ENSINO, DA PESQUISA E DA EXTENSO NA ATENO PRIMARIA A SADE',1,0,7687,'Observatorioda'),(388,'14991106','2013 - DESENVOLVIMENTO DE EXPERIMENTOS DE LABORATRIO PARA ALUNOS DE GRADUAO VOLTADOS PARA DISCIPLINAS CORRELATAS S REAS DE SISTEMAS EMBARCADOS E PROCESSAMENTO DIGITAL DE SINAIS','2013 - DESENVOLVIMENTO DE EXPERIMENTOS DE LABORATRIO PARA ALUNOS DE GRADUAO VOLTADOS PARA DISCIPLINAS CORRELATAS S REAS DE SISTEMAS EMBARCADOS E PROCESSAMENTO DIGITAL DE SINAIS',1,0,7688,'DesenvdeExperi'),(389,'14991107','2013 - ESTUDOS A RESPEITO DA DETERMINAO DE NVEIS DE EXPOSIO HUMANA  RADIAO NO-IONIZANTE E POSSVEIS CONSEQUNCIAS DESTA EXPOSIO.','2013 - ESTUDOS A RESPEITO DA DETERMINAO DE NVEIS DE EXPOSIO HUMANA  RADIAO NO-IONIZANTE E POSSVEIS CONSEQUNCIAS DESTA EXPOSIO.',1,0,7689,'Estarespeitode'),(390,'14991108','2013 - CONSOLIDAO DO GRUPO DE PESQUISA EM TENACIDADE  FRATURA DO LABMEM-DEMAT-CT/UFRN.','2013 - CONSOLIDAO DO GRUPO DE PESQUISA EM TENACIDADE  FRATURA DO LABMEM-DEMAT-CT/UFRN.',1,0,7690,'Consolidgrupo'),(391,'14991109','2013 - ANLISE E OTIMIZAO DE ESTRUTURAS PLANARES SOBRE SUBSTRATOS METAMATERIAIS E FERRIMAGNTICOS UTILIZANDO INTELIGNCIA ARTIFICIAL','2013 - ANLISE E OTIMIZAO DE ESTRUTURAS PLANARES SOBRE SUBSTRATOS METAMATERIAIS E FERRIMAGNTICOS UTILIZANDO INTELIGNCIA ARTIFICIAL',1,0,7691,'AnaliseOtimi'),(392,'149912','PROJETOS DE EXTENSO 2013 (CT - AES EM FINANCIAMENTO)','PROJETOS DE EXTENSO 2013 (CT - AES EM FINANCIAMENTO)',1,0,7811,'CTEXT'),(393,'14991201','DESENVOLVIMENTO PARA DISPOSITIVOS MVEIS ANDROID','DESENVOLVIMENTO PARA DISPOSITIVOS MVEIS ANDROID',1,0,7812,'DEDMAND'),(394,'14991202','DESENVOLVIMENTO COM HTML5 PARA DISPOSITIVOS MVEIS','DESENVOLVIMENTO COM HTML5 PARA DISPOSITIVOS MVEIS',1,0,7813,'DEHTMDM'),(395,'143116','ASSESSORIA DE PLANEJAMENTO E GESTO ADMINISTRATIVA','ASSESSORIA DE PLANEJAMENTO E GESTO ADMINISTRATIVA',1,0,7815,'ASSPLAN-GA/CT'),(396,'143117','COORDENAAO DE ESTGIOS-CT','COORDENAAO DE ESTGIOS-CT',1,0,7821,'ESTAGIOS/CT'),(397,'149913','EDITAL UFRN/PROGRAD/PROPESQ/PROEX 01/2013 (APOIO A REALIZAO DE EVENTOS) - CT','EDITAL UFRN/PROGRAD/PROPESQ/PROEX 01/2013 (APOIO A REALIZAO DE EVENTOS) - CT',1,0,7882,'012013APRCT'),(398,'14991203','I ENCONTRO REGIONAL DE PESQUISA EM HISTRIA DA EDUCAO MATEMTICA (I EREPHEM): HISTRIA, MEMRIA, MATEMTICA.','I ENCONTRO REGIONAL DE PESQUISA EM HISTRIA DA EDUCAO MATEMTICA (I EREPHEM): HISTRIA, MEMRIA, MATEMTICA.',1,0,7887,'IREPHEM'),(399,'14991301','I SEMINRIO BRASILEIRO DE GESTO INTEGRADA DE RESDUOS: A POLTICA NACIONAL DE RESDUOS SLIDOS NA PRTICA.','I SEMINRIO BRASILEIRO DE GESTO INTEGRADA DE RESDUOS: A POLTICA NACIONAL DE RESDUOS SLIDOS NA PRTICA.',1,0,7907,'I-SEBRAGIR'),(400,'14991302','9 CONGRESSO BRASILEIRO DE GESTO DE DESENVOLVIMENTO DE PRODUTOS','9 CONGRESSO BRASILEIRO DE GESTO DE DESENVOLVIMENTO DE PRODUTOS',1,0,7908,'9 CBGDP'),(401,'14991303','REUNIO PREPARATRIA PARA CRIAO DE REDE DE PD&I E DO I ENCONTRO DO NORTE/NORDESTE BRASILEIROS DE FABRICAO, CARACTERIZAO, INTEGRIDADE ESTRUTURAL E DEGRADAO DE MATERIAIS APLICADOS NAS INDSTRIA','REUNIO PREPARATRIA PARA CRIAO DE REDE DE PD&I E DO I ENCONTRO DO NORTE/NORDESTE BRASILEIROS DE FABRICAO, CARACTERIZAO, INTEGRIDADE ESTRUTURAL E DEGRADAO DE MATERIAIS APLICADOS NAS INDSTRIA',1,0,7909,'REDE/PD&I/NNE'),(402,'14991304','WORKSHOP DENOMINADO WASTEIDENTIFICATIONMETHODOLOGY (WIM) : UMA METODOLOGIA DE IDENTIFICAO DE DESPERDCIOS NO CONTEXTO DA PRODUO ENXUTA','WORKSHOP DENOMINADO WASTEIDENTIFICATIONMETHODOLOGY (WIM) : UMA METODOLOGIA DE IDENTIFICAO DE DESPERDCIOS NO CONTEXTO DA PRODUO ENXUTA',1,0,7910,'WORKSHOP/WIM'),(403,'14991305','IV ERGONODIA: ERGONOMIA DE CONCEPO: PROJETO ERGONMICO APLICADO  PREVENO DE ACIDENTES DO TRABALHO E DO ERRO HUMANO E  GESTO DE CRISES.','IV ERGONODIA: ERGONOMIA DE CONCEPO: PROJETO ERGONMICO APLICADO  PREVENO DE ACIDENTES DO TRABALHO E DO ERRO HUMANO E  GESTO DE CRISES.',1,0,7911,'IV ERGONODIA'),(404,'14991306','WORKSHOP - A FORMAO DO ENGENHEIRO CIVIL: DESAFIOS DA ATUAO DOCENTE E TENDNCIAS CURRICULARES.','WORKSHOP - A FORMAO DO ENGENHEIRO CIVIL: DESAFIOS DA ATUAO DOCENTE E TENDNCIAS CURRICULARES.',1,0,7973,'WORKSHOP/FEC'),(405,'14991307','II SEMANA DE ENGENHARIA DE TELECOMUNICAES (SETEL 2013)','II SEMANA DE ENGENHARIA DE TELECOMUNICAES (SETEL 2013)',1,0,7974,'SETEL 2013'),(406,'14991308','VIII ESCOLA DE MICROELETRNICA DO NORDESTE - EMICRO-NE 2013','VIII ESCOLA DE MICROELETRNICA DO NORDESTE - EMICRO-NE 2013',1,0,7975,'EMicro-NE 2013'),(407,'14991309','V SEMANA DE ENGENHARIA ELTRICA DA UFRN','V SEMANA DE ENGENHARIA ELTRICA DA UFRN',1,0,7976,'V-SEC/UFRN'),(408,'14991310','I SEMINRIO DE ENGENHARIA AMBIENTAL DA UFRN','I SEMINRIO DE ENGENHARIA AMBIENTAL DA UFRN',1,0,7977,'I-SEA/UFRN'),(409,'14991311','INCENTIVANDO INOVAO E EMPREENDEDORISMO NOS ALUNOS DE ENGENHARIA DA UFRN','INCENTIVANDO INOVAO E EMPREENDEDORISMO NOS ALUNOS DE ENGENHARIA DA UFRN',1,0,7978,'IIEAE/UFRN'),(410,'14991312','XVI SEMANAU - SEMANA ACADMICA DE ARQUITETURA E URBANISMO DA UFRN: 40 ANOS DO CURSO DE ARQUITETURA E URBANISMO DA UFRN','XVI SEMANAU - SEMANA ACADMICA DE ARQUITETURA E URBANISMO DA UFRN: 40 ANOS DO CURSO DE ARQUITETURA E URBANISMO DA UFRN',1,0,7979,'XVI SemanAU'),(411,'149914','EDITAL UFRN/PROAE/PROEX - SELEO PBLICA PARA APOIO A PROJETOS DE EXTENSO DE SADE EM COMUNIDADE - CT','EDITAL UFRN/PROAE/PROEX - SELEO PBLICA PARA APOIO A PROJETOS DE EXTENSO DE SADE EM COMUNIDADE - CT',1,0,7990,'PROAEPROEXCT'),(412,'14991401','METODOLOGIA DE INDICADORES DESEMPENHO PARA PROJEO DE CENRIOS E ALOCAO EFICIENTE DOS RECURSOS: UM ESTUDO NO SISTEMA UNICO DE SAUDE NO MUNICIPIO DE NATAL','METODOLOGIA DE INDICADORES DESEMPENHO PARA PROJEO DE CENRIOS E ALOCAO EFICIENTE DOS RECURSOS: UM ESTUDO NO SISTEMA UNICO DE SAUDE NO MUNICIPIO DE NATAL',1,0,8000,'MIDP/SUS/NATAL'),(413,'14991402','AVALIAO DA QUALIDADE DE GUA DOS RESERVATRIOS DE ESCOLAS MUNICIPAIS DE ENSINO E DIVULGAO DE AES CORRETIVAS','AVALIAO DA QUALIDADE DE GUA DOS RESERVATRIOS DE ESCOLAS MUNICIPAIS DE ENSINO E DIVULGAO DE AES CORRETIVAS',1,0,8001,'AVALIAO/AGUA'),(414,'1474','PROGRAMA DE PS-GRADUAO EM ENGENHARIA MECATRNICA','PROGRAMA DE PS-GRADUAO EM ENGENHARIA MECATRNICA',1,0,8086,'PPGEMECA'),(415,'142016','DEPARTAMENTO DE ENGENHARIA MECNICA - SELO VERDE','DEPARTAMENTO DE ENGENHARIA MECNICA - SELO VERDE',1,0,8098,'DEC - SV'),(416,'149915','EDITAL PROEXT 2014 / CT','EDITAL PROEXT 2014 / CT',1,0,8123,'PROEXT 2014/CT'),(417,'14991501','PRODUO E CONSUMO SUSTENTVEL  CONSTRUO SUSTENTVEL COMO ESPAO DE EDUCAO AMBIENTAL','PRODUO E CONSUMO SUSTENTVEL  CONSTRUO SUSTENTVEL COMO ESPAO DE EDUCAO AMBIENTAL',1,0,8142,'PROCS/CT'),(418,'14991502','TECNOLOGIA NA REABILITAO MULTIDISCIPLINAR DE PACIENTES COM DEFEITOS MAXILOFACIAIS','TECNOLOGIA NA REABILITAO MULTIDISCIPLINAR DE PACIENTES COM DEFEITOS MAXILOFACIAIS',1,0,8143,'TECREAB/CT'),(419,'14991503','EPAS - ENGENHEIRANDO A PARTICIPAO SOCIAL','EPAS - ENGENHEIRANDO A PARTICIPAO SOCIAL',1,0,8144,'EPaS/CT'),(420,'14991504','VIVARCO - ESTGIO INTERDISCIPLINAR DE VIVNCIA EM REAS DE ASSENTAMENTOS DA REFORMA AGRRIA E COMUNIDADES RURAIS DO ESTADO DO RIO GRANDE DO NORTE','VIVARCO - ESTGIO INTERDISCIPLINAR DE VIVNCIA EM REAS DE ASSENTAMENTOS DA REFORMA AGRRIA E COMUNIDADES RURAIS DO ESTADO DO RIO GRANDE DO NORTE',1,0,8145,'VIVARCO/UFRN'),(421,'143501','SECRETARIA DO DEPARTAMENTO DE ENGENHARIA BIOMDICA','SECRETARIA DO DEPARTAMENTO DE ENGENHARIA BIOMDICA',1,0,8198,'SECENGBIO'),(422,'149916','EDITAL UFRN/PROEX 16/2013 (PROJETOS PARA 2014) - CT','EDITAL UFRN/PROEX 16/2013 (PROJETOS PARA 2014) - CT',1,0,8206,'PROEX/CT/16/13'),(423,'14991601','FAZER EMPREENDER: UMA INTERAO ENTRE DISCENTES E STARTUPS POTIGUARES','FAZER EMPREENDER: UMA INTERAO ENTRE DISCENTES E STARTUPS POTIGUARES',1,0,8245,'FAZER/EMPREEND'),(424,'14991602','EPEC - ESCRITRIO PILOTO DE ENGENHARIA CIVIL','EPEC - ESCRITRIO PILOTO DE ENGENHARIA CIVIL',1,0,8246,'EPEC'),(425,'14991603','INOVAO NO SISTEMA DE PRODUO DE PRODUTOS ARTESANAIS: IMPLANTAO NAS COMUNIDADES DE ARTESOS DE LAJES PINTADAS, MASSARANDUBA E VERA CRUZ DO ESTADO DO RIO GRANDE DO NORTE','INOVAO NO SISTEMA DE PRODUO DE PRODUTOS ARTESANAIS: IMPLANTAO NAS COMUNIDADES DE ARTESOS DE LAJES PINTADAS, MASSARANDUBA E VERA CRUZ DO ESTADO DO RIO GRANDE DO NORTE',1,0,8247,'ISPPA'),(426,'14991604','NATAL 2014: DILOGOS INTERATIVOS PARA TRANSFORMAR A CIDADE - AES PROJETUAIS ENVOLVENDO O CURSO DE ARQUITETURA E URBANISMO DA UFRN E A SOCIEDADE.','NATAL 2014: DILOGOS INTERATIVOS PARA TRANSFORMAR A CIDADE - AES PROJETUAIS ENVOLVENDO O CURSO DE ARQUITETURA E URBANISMO DA UFRN E A SOCIEDADE.',1,0,8248,'NATAL/2014'),(427,'14991605','ARQUITETURA E HABITAO','ARQUITETURA E HABITAO',1,0,8249,'ARQ/HAB'),(428,'14991606','JOVENS TALENTOS PESQUISANDO RESDUOS SLIDOS DA ECT','JOVENS TALENTOS PESQUISANDO RESDUOS SLIDOS DA ECT',1,0,8250,'JOVENS/TALENTO'),(429,'14991607','ATELIER DE PROJETOS EM ARQUITETURA E URBANISMO','ATELIER DE PROJETOS EM ARQUITETURA E URBANISMO',1,0,8251,'ATELIER/PROJET'),(430,'14991608','ARQUITETURA E AS MDIAS','ARQUITETURA E AS MDIAS',1,0,8252,'ARQ/MIDIAS'),(431,'149917','PROJETOS DE MONITORIA / CT - 2014 (PAMQEG)','PROJETOS DE MONITORIA / CT - 2014 (PAMQEG)',1,0,8394,'PROJ/MON/CT/14'),(432,'14991702','APERFEIOAMENTO DE RECURSOS DIDTICOS','APERFEIOAMENTO DE RECURSOS DIDTICOS',1,0,8421,'APRECDI/CT'),(433,'14991701','MONITORIA E MELHORIA NA QUALIDADE DO ENSINO DE ENGENHARIA DE TELECOMUNICAES - 2014','MONITORIA E MELHORIA NA QUALIDADE DO ENSINO DE ENGENHARIA DE TELECOMUNICAES - 2014',1,0,8422,'TELEC/2014/CT'),(434,'149918','CT - EDITAL UFRN/PROGRAD/PPG/PROPESQ/PROEX NO 02/2013','CT - EDITAL UFRN/PROGRAD/PPG/PROPESQ/PROEX NO 02/2013',1,0,8435,'CT/02/2013'),(435,'14991801','III SEMANA DE ENGENHARIA TXTIL - SINERGIA, INOVAO E CRIATIVIDADE NAS PERSPECTIVAS FUTURAS DA INDSTRIA TXTIL','III SEMANA DE ENGENHARIA TXTIL - SINERGIA, INOVAO E CRIATIVIDADE NAS PERSPECTIVAS FUTURAS DA INDSTRIA TXTIL',1,0,8485,'III-SENGTEXTIL'),(436,'14991803','I WORKSHOP - CREATION:(CRIATIVIDADE APLICADA AO DESENVOLVIMENTO DE TECNOLOGIAS PARA ENERGIAS RENOVVEIS)','I WORKSHOP - CREATION:(CRIATIVIDADE APLICADA AO DESENVOLVIMENTO DE TECNOLOGIAS PARA ENERGIAS RENOVVEIS)',1,0,8487,'I-WORKS/CREATI'),(437,'14991804','INTEGRAO DE ABORDAGENS NA MODELAGEM DE ECOSSISTEMAS','INTEGRAO DE ABORDAGENS NA MODELAGEM DE ECOSSISTEMAS',1,0,8488,'IAME'),(438,'149919','CT - EDITAL UFRN/PROAE/PROEX N 04/2013 (DESASTRES NATURAIS)','CT - EDITAL UFRN/PROAE/PROEX N 04/2013 (DESASTRES NATURAIS)',1,0,8533,'CT/04/2013'),(439,'149920','CT - EDITAL UFRN/PROAE/PROEX N. 05/2013 (MEMRIA E DOCUMENTAO)','CT - EDITAL UFRN/PROAE/PROEX N. 05/2013 (MEMRIA E DOCUMENTAO)',1,0,8540,'CT/05/2013'),(440,'14992001','A FAZENDA DE CRIAR SERIDOENSE: DOCUMENTAO DE UMA REFERNCIA PARA CONSTRUO NO CLIMA QUENTE E SECO','A FAZENDA DE CRIAR SERIDOENSE: DOCUMENTAO DE UMA REFERNCIA PARA CONSTRUO NO CLIMA QUENTE E SECO',1,0,8585,'CT/05/2013'),(441,'14991901','DANOS HUMANOS POR DESASTRES, AGRAVADOS PELA AUSNCIA DE ACESSIBILIDADE: UMA CONTRIBUIO PARA DIMINUIR A VULNERABILIDADE MAIOR DE CRIANAS E ADOLESCENTES, PESSOAS IDOSAS E PESSOAS COM DEFICINCIA','DANOS HUMANOS POR DESASTRES, AGRAVADOS PELA AUSNCIA DE ACESSIBILIDADE: UMA CONTRIBUIO PARA DIMINUIR A VULNERABILIDADE MAIOR DE CRIANAS E ADOLESCENTES, PESSOAS IDOSAS E PESSOAS COM DEFICINCIA',1,0,8590,'CT/04/2013'),(442,'14991902','PLANEJAMENTO LOGSTICO PARA REAS VULNERVEIS EM BUSCA DE SOLUCIONAR OS PROBLEMAS DA ESTIAGEM','PLANEJAMENTO LOGSTICO PARA REAS VULNERVEIS EM BUSCA DE SOLUCIONAR OS PROBLEMAS DA ESTIAGEM',1,0,8594,'CT/04/2013'),(443,'142204','LABORATRIO DE ENGENHARIA DA SUSTENTABILIDADE','LABORATRIO DE ENGENHARIA DA SUSTENTABILIDADE',1,0,8638,'LABENGSUSTENT'),(444,'142205','LABORATRIO DE PROTOTIPAGEM FSICA PRA ENGENHARIA DE PRODUO','LABORATRIO DE PROTOTIPAGEM FSICA PRA ENGENHARIA DE PRODUO',1,0,8639,'PROTOFISICA'),(445,'149921','CT - UFRN/PROGRAD/PROPESQ/PROEX NO 01/2013 - AES INTEGRADAS','CT - UFRN/PROGRAD/PROPESQ/PROEX NO 01/2013 - AES INTEGRADAS',1,0,8647,'PROJETOS/CT'),(446,'14992101','GINGA -GESTO INTEGRADA DE RESDUOS GERADOS NO MBITO DA UFRN ( LINHA 1 - DIAGNSTICO E CONSCIENTIZAO AMBIENTAL NO MBITO DA UFRN)','GINGA -GESTO INTEGRADA DE RESDUOS GERADOS NO MBITO DA UFRN ( LINHA 1 - DIAGNSTICO E CONSCIENTIZAO AMBIENTAL NO MBITO DA UFRN)',1,0,8679,'CT/PROJ/01'),(447,'14992102','GESTO, TECNOLOGIA E INOVAO SOCIAL PARA DESENVOLVIMENTO NO RN','GESTO, TECNOLOGIA E INOVAO SOCIAL PARA DESENVOLVIMENTO NO RN',1,0,8680,'CT/PROJ/02'),(448,'14992103','DESENVOLVIMENTO SUSTENTVEL EM COMUNIDADES PRXIMAS AOS PARQUES ELICOS DO ESTADO DO RIO GRANDE DO NORTE','DESENVOLVIMENTO SUSTENTVEL EM COMUNIDADES PRXIMAS AOS PARQUES ELICOS DO ESTADO DO RIO GRANDE DO NORTE',1,0,8681,'CT/PROJ/03'),(449,'14992104','MEDIO, ARMAZENAGEM E PROCESSAMENTO DE INFORMAES RELATIVAS  EXPOSIO HUMANA AOS NVEIS DE RADIAO NO IONIZANTE NA REGIO METROPOLITANA DE NATAL','MEDIO, ARMAZENAGEM E PROCESSAMENTO DE INFORMAES RELATIVAS  EXPOSIO HUMANA AOS NVEIS DE RADIAO NO IONIZANTE NA REGIO METROPOLITANA DE NATAL',1,0,8682,'CT/PROJ/04'),(450,'147021','FERNANDO RIBEIRO OLIVEIRA','FERNANDO RIBEIRO OLIVEIRA',1,0,8717,'PROJ/PESQ-21'),(451,'147022','JOS HERIBERTO OLIVEIRA DO NASCIMENTO','JOS HERIBERTO OLIVEIRA DO NASCIMENTO',1,0,8718,'PROJ/PESQ-22'),(452,'147023','KSIA KARINA DE OLIVEIRA SOUTO','KSIA KARINA DE OLIVEIRA SOUTO',1,0,8719,'PROJ/PESQ-23'),(453,'147024','MARCELO AUGUSTO COSTA FERNANDES','MARCELO AUGUSTO COSTA FERNANDES',1,0,8720,'PROJ/PESQ-24'),(454,'147025','MOISS VIEIRA DE MELO','MOISS VIEIRA DE MELO',1,0,8721,'PROJ/PESQ-25'),(455,'147026','NEIL DE OLIVEIRA LIMA FILHO','NEIL DE OLIVEIRA LIMA FILHO',1,0,8722,'PROJ/PESQ-26'),(456,'145523','GPESQ - TERMODINMICA E REATORES CATALTICOS','GPESQ - TERMODINMICA E REATORES CATALTICOS',1,0,8723,'GPESQ-23'),(457,'141511','LABORATRIO DE CONFORTO AMBIENTAL','LABORATRIO DE CONFORTO AMBIENTAL',1,0,8777,'LabCon'),(458,'141707','LABORATRIO DE MICROBIOLOGIA','LABORATRIO DE MICROBIOLOGIA',1,0,8778,'LABFQM'),(459,'141708','LABORATRIO DE HIDRULICA','LABORATRIO DE HIDRULICA',1,0,8779,'LABHIDRA'),(460,'141709','LABORATRIO DE GUA PARA ABASTECIMENTO','LABORATRIO DE GUA PARA ABASTECIMENTO',1,0,8780,'LABAGUABA'),(461,'141710','LABORATRIO DE ANLISES FSICO-QUMICAS E MICROBIOLGICAS','LABORATRIO DE ANLISES FSICO-QUMICAS E MICROBIOLGICAS',1,0,8781,'LABFQM/CIV'),(462,'141833','AUTOMAO HOSPITALAR E BIOENGENHARIA','AUTOMAO HOSPITALAR E BIOENGENHARIA',1,0,8782,'AUTHOBIO'),(463,'141607','LABORATRIO DE METAIS E ENSAIOS MECNICOS','LABORATRIO DE METAIS E ENSAIOS MECNICOS',1,0,8783,'LABMEM'),(464,'141608','LABORATRIO DE TRATAMENTOS TRMICOS','LABORATRIO DE TRATAMENTOS TRMICOS',1,0,8784,'LABTT'),(465,'141609','LABORATRIO DE REOLOGIA E PROCESSAMENTO DE POLMEROS','LABORATRIO DE REOLOGIA E PROCESSAMENTO DE POLMEROS',1,0,8785,'LABREPROP'),(466,'141610','LABORATRIO DE SNTESE DE POLMEROS','LABORATRIO DE SNTESE DE POLMEROS',1,0,8786,'LABSIPO'),(467,'141611','LABORATRIO DE CARACTERIZAO ESTRUTURAL DE MATERIAIS','LABORATRIO DE CARACTERIZAO ESTRUTURAL DE MATERIAIS',1,0,8787,'LACEM'),(468,'141612','LABORATRIO DE SNTESE QUMICA DE MATERIAIS','LABORATRIO DE SNTESE QUMICA DE MATERIAIS',1,0,8788,'LSQM'),(469,'141613','LABORATRIO DE SOLDAGEM E INSPEO','LABORATRIO DE SOLDAGEM E INSPEO',1,0,8789,'LS&I'),(470,'143301','LABORATRIO DE AUTOMAO E ESCOAMENTO','LABORATRIO DE AUTOMAO E ESCOAMENTO',1,0,8790,'LAUTESPET'),(471,'143302','LABORATRIO DE REOLOGIA E FLUIDOS DE PETRLEO','LABORATRIO DE REOLOGIA E FLUIDOS DE PETRLEO',1,0,8791,'LABFLUPET'),(472,'143303','LABORATRIO DE PETROFSICA','LABORATRIO DE PETROFSICA',1,0,8792,'LABPETROF'),(473,'143304','LABORATRIO DE ENGENHARIA DE POOS DE PETRLEO','LABORATRIO DE ENGENHARIA DE POOS DE PETRLEO',1,0,8793,'LABPOO'),(474,'143305','LABORATRIO DE RECUPERAO AVANADA DE PETRLEO','LABORATRIO DE RECUPERAO AVANADA DE PETRLEO',1,0,8794,'LABRAP'),(475,'143306','LABORATRIO DE SIMULAO NUMRICA','LABORATRIO DE SIMULAO NUMRICA',1,0,8795,'LASIMPET'),(476,'141905','LABORATRIO DE ACIONAMENTO, CONTROLE E INSTRUMENTALIZAO','LABORATRIO DE ACIONAMENTO, CONTROLE E INSTRUMENTALIZAO',1,0,8796,'LACIN'),(477,'141908','LABORATRIO DE ACIONAMENTO DE MQUINAS','LABORATRIO DE ACIONAMENTO DE MQUINAS',1,0,8798,'LAM'),(478,'141909','LABORATRIO DE ELETRNICA DE POTNCIA E ENERGIAS RENOVVEIS','LABORATRIO DE ELETRNICA DE POTNCIA E ENERGIAS RENOVVEIS',1,0,8799,'LEPER'),(479,'141910','LABORATRIO DE INFORMATICA DO DEPARTAMENTO DE ENGENHARIA ELTRICA','LABORATRIO DE INFORMATICA DO DEPARTAMENTO DE ENGENHARIA ELTRICA',1,0,8800,'LABINFODEE'),(480,'141911','LABORATRIO DE ENEGENHARIA INTELIGENTE DE DADOS E SISTEMAS ADAPTATIVOS','LABORATRIO DE ENEGENHARIA INTELIGENTE DE DADOS E SISTEMAS ADAPTATIVOS',1,0,8801,'IDEAS'),(481,'142017','LABORATRIO DE INFORMTICA/DEM','LABORATRIO DE INFORMTICA/DEM',1,0,8802,'LABINFO/DEM'),(482,'142018','LABORATRIO DE DISPOSITIVOS TRMICOS','LABORATRIO DE DISPOSITIVOS TRMICOS',1,0,8803,'LDT'),(483,'141512','LABORATRIO DE PROJETOS INTEGRADOS','LABORATRIO DE PROJETOS INTEGRADOS',1,0,8805,'LAPIS'),(484,'142402','LABORATRIO DE TECELAGEM','LABORATRIO DE TECELAGEM',1,0,8806,'LABTEC'),(485,'142403','LABORATRIO DE MALHARIAS','LABORATRIO DE MALHARIAS',1,0,8807,'LABMALHA'),(486,'142404','LABORATRIO DE VESTURIO','LABORATRIO DE VESTURIO',1,0,8808,'VEST'),(487,'142405','LABORATRIO DE PROCESSOS QUMICO TXTEIS','LABORATRIO DE PROCESSOS QUMICO TXTEIS',1,0,8809,'LABPROQTE'),(488,'142406','OFICINA DE DESENHO TXTIL E MODA','OFICINA DE DESENHO TXTIL E MODA',1,0,8810,'OFIDESTMO'),(489,'142407','LABORATRIO FSICO TXTIL (FIBRAS & CONTROLE DE QUALIDADE)','LABORATRIO FSICO TXTIL (FIBRAS & CONTROLE DE QUALIDADE)',1,0,8811,'LABFIT'),(490,'142408','LABORATRIO DE FIAO','LABORATRIO DE FIAO',1,0,8812,'LABFIAO'),(491,'142409','LABORATRIO DE INFORMTICA/DET','LABORATRIO DE INFORMTICA/DET',1,0,8813,'LABINFO/DET'),(492,'142410','LABORATRIO DE CAD, MODELAGEM E ENCAIXE DE VESTURIO','LABORATRIO DE CAD, MODELAGEM E ENCAIXE DE VESTURIO',1,0,8814,'LABVEST'),(493,'142411','LABORATRIO DE ESTAMPARIA','LABORATRIO DE ESTAMPARIA',1,0,8815,'LABESTAMP'),(494,'142412','LABORATRIO DE TEMPOS E MOVIMENTOS DOS PROCESSOS TXTEIS','LABORATRIO DE TEMPOS E MOVIMENTOS DOS PROCESSOS TXTEIS',1,0,8816,'LABTEMOVI'),(495,'142413','LABORATRIO DE ENERGIA DA BIOMASSA E MATERIAIS FIBROSOS','LABORATRIO DE ENERGIA DA BIOMASSA E MATERIAIS FIBROSOS',1,0,8817,'LABEBIOMF'),(496,'149922','APOIO A REALIZAO DE EVENTOS INTEGRADOS (2014.2 - CT)','APOIO A REALIZAO DE EVENTOS INTEGRADOS (2014.2 - CT)',1,0,8948,'APREINCT'),(497,'14992201','V WORKSHOP PRODUTIVA JNIOR (EV405-2014)','V WORKSHOP PRODUTIVA JNIOR (EV405-2014)',1,0,8949,'VWORKPROJR'),(498,'14992202','WORKSHOP DE PROJETOS EM ARQUITETURA E URBANISMO: CENRIOS REVELADOS EM NATAL. PAISAGEM COSTEIRA E SUAS RELAES ESPACIAIS (EV370-2014)','WORKSHOP DE PROJETOS EM ARQUITETURA E URBANISMO: CENRIOS REVELADOS EM NATAL. PAISAGEM COSTEIRA E SUAS RELAES ESPACIAIS (EV370-2014)',1,0,8950,'WPAURB'),(499,'14992203','GESTO DE PESSOAS NA ENGENHARIA (EV374-2014)','GESTO DE PESSOAS NA ENGENHARIA (EV374-2014)',1,0,8951,'GPPEN'),(500,'14992204','SIMULAES E JOGOS NO ENSINO DE GRADUAO (EV377-2014)','SIMULAES E JOGOS NO ENSINO DE GRADUAO (EV377-2014)',1,0,8952,'SJEG'),(501,'14992205','V WORKSHOP DE ENGENHARIA ELTRICA - AS ENERGIAS RENOVVEIS NO AMBIENTE ACADMICO E NO MERCADO DE TRABALHO (EV388-2014)','V WORKSHOP DE ENGENHARIA ELTRICA - AS ENERGIAS RENOVVEIS NO AMBIENTE ACADMICO E NO MERCADO DE TRABALHO (EV388-2014)',1,0,8953,'VWORKEE'),(502,'14992206','BIOLOGIA SISTMICA DO CNCER (EV376-2014)','BIOLOGIA SISTMICA DO CNCER (EV376-2014)',1,0,8954,'BSISCAN'),(503,'149923','PROJETOS ACADMICOS (CT - FINANCIAMENTO EXTERNO)','PROJETOS ACADMICOS (CT - FINANCIAMENTO EXTERNO)',1,0,8999,'CTPROEXT'),(504,'14992301','QUALIDADE DAS GUAS DOS PRINCIPAIS CORPOS DGUA INTERIORES NORTE-RIOGRANDENSES COM VISTAS AO CONSUMO HUMANO E PRESERVAO AMBIENTAL (PVG11217-2013)','QUALIDADE DAS GUAS DOS PRINCIPAIS CORPOS DGUA INTERIORES NORTE-RIOGRANDENSES COM VISTAS AO CONSUMO HUMANO E PRESERVAO AMBIENTAL (PVG11217-2013)',1,0,9000,'QUAAGUDPAM'),(505,'149924','RESULTADO FINAL PROEXT 2015 - CT','RESULTADO FINAL PROEXT 2015 - CT',1,0,9073,'PROEXT/15/CT'),(506,'14992403','NCLEO DE EXTENSO UNIVERSITRIA CIDADE E CIDADANIA','NCLEO DE EXTENSO UNIVERSITRIA CIDADE E CIDADANIA',1,0,9081,'CT/2015/03'),(507,'140005','PS-GRADUAO EM CINCIA E ENGENHARIA DE MATERIAIS (CT/CCET)','PS-GRADUAO EM CINCIA E ENGENHARIA DE MATERIAIS (CT/CCET)',1,0,9100,'PPGCEM'),(508,'14992302','SEMANA DE ENGENHARIA CIVIL 2015','SEMANA DE ENGENHARIA CIVIL 2015',1,0,9145,'SEMENGCIV2015'),(509,'149925','PROJETOS DE EXTENSO 2015 (EDITAL UFRN/PROEX 07/14 - CT)','PROJETOS DE EXTENSO 2015 (EDITAL UFRN/PROEX 07/14 - CT)',1,0,9286,'PROEX2015CT'),(510,'14992501','PROTEGENDO AS DUNAS - DELIMITAO E RECUPERAO DE REAS VEGETADAS DA REA DE PROTEO AMBIENTAL DE JENIPABU (APAJ) EM CONJUNTO COM A COMUNIDADE (2015)','PROTEGENDO AS DUNAS - DELIMITAO E RECUPERAO DE REAS VEGETADAS DA REA DE PROTEO AMBIENTAL DE JENIPABU (APAJ) EM CONJUNTO COM A COMUNIDADE (2015)',1,0,9305,'PROTEGDUNAS'),(511,'14992502','EDUCAO E SEGURANA - UMA NECESSIDADE PARA OS TRABALHADORES DA CONSTRUO CIVIL (2015)','EDUCAO E SEGURANA - UMA NECESSIDADE PARA OS TRABALHADORES DA CONSTRUO CIVIL (2015)',1,0,9306,'EDUSEGTRAB'),(512,'14992503','IDEIA GERA IDEIA - INCENTIVANDO INOVAO E EMPREENDEDORISMO NOS ALUNOS DE ENGENHARIA DA UFRN (CICLO DE PALESTRAS) (2015)','IDEIA GERA IDEIA - INCENTIVANDO INOVAO E EMPREENDEDORISMO NOS ALUNOS DE ENGENHARIA DA UFRN (CICLO DE PALESTRAS) (2015)',1,0,9307,'GERAIDEIA'),(513,'14992504','PROJETO DE INCLUSAO DIGITAL DE INFORMACAO TECNOLOGIA PARA COMUNIDADES SOBRE AROVITAMENENTO INTEGRAL DE RESIDUES DE FRUTAS DE PRODUO MAIS LIMPA E BOA PRATICA DE GESTAO (2015)','PROJETO DE INCLUSAO DIGITAL DE INFORMACAO TECNOLOGIA PARA COMUNIDADES SOBRE AROVITAMENENTO INTEGRAL DE RESIDUES DE FRUTAS DE PRODUO MAIS LIMPA E BOA PRATICA DE GESTAO (2015)',1,0,9308,'INCLUDIGITAL'),(514,'14992505','EDIFICAO MODELO DE CONSTRUO SUSTENTVEL: ESPAO DESTINADO  EDUCAO AMBIENTAL DA COMUNIDADE (2015)','EDIFICAO MODELO DE CONSTRUO SUSTENTVEL: ESPAO DESTINADO  EDUCAO AMBIENTAL DA COMUNIDADE (2015)',1,0,9309,'EDIFMODELO'),(515,'14992506','LIXO FRMACO - A RESPONSABILIDADE DA UFRN (2015)','LIXO FRMACO - A RESPONSABILIDADE DA UFRN (2015)',1,0,9310,'LIXOFARMACO'),(516,'149926','EDITAL 012/2014 UFRN/PROGRAD/PROPESQ/PROEX (PROJETOS INTEGRADOS 2015) - CT','EDITAL 012/2014 UFRN/PROGRAD/PROPESQ/PROEX (PROJETOS INTEGRADOS 2015) - CT',1,0,9446,'EDITAL12-14-CT'),(517,'14992601','PROPOSTA DE DIRETRIZES PARA O DESENVOLVIMENTO SUSTENTVEL DE COMUNIDADES PRXIMAS AOS PARQUES ELICOS DO ESTADO DO RIO GRANDE DO NORTE','PROPOSTA DE DIRETRIZES PARA O DESENVOLVIMENTO SUSTENTVEL DE COMUNIDADES PRXIMAS AOS PARQUES ELICOS DO ESTADO DO RIO GRANDE DO NORTE',1,0,9468,'CT12/PROJ1'),(518,'14992602','SOLIDARIEDADE, COOPERAO E RESILINCIA COMUNITRIA EM SITUAO DE DESASTRE: UMA COMPREENSO DA ERGONOMIA COMUNITRIA.','SOLIDARIEDADE, COOPERAO E RESILINCIA COMUNITRIA EM SITUAO DE DESASTRE: UMA COMPREENSO DA ERGONOMIA COMUNITRIA.',1,0,9469,'CT12/PROJ2'),(519,'14992603','DESENVOLVIMENTO DE SISTEMA DIGITAL PARA AVALIAO DA ALFABETIZAO','DESENVOLVIMENTO DE SISTEMA DIGITAL PARA AVALIAO DA ALFABETIZAO',1,0,9470,'CT12/PROJ3'),(520,'14992604','DESENVOLVIMENTO E APERFEIOAMENTO DE METODOLOGIAS E PROTOCOLOS PARA MONITORAMENTO SCIO-AMBIENTAL MULTIDISCIPLINAR DE REAS VULNERVEIS A DINMICA COSTEIRA E A MUDANAS CLIMTICAS NO LITORAL DO RIO GR','DESENVOLVIMENTO E APERFEIOAMENTO DE METODOLOGIAS E PROTOCOLOS PARA MONITORAMENTO SCIO-AMBIENTAL MULTIDISCIPLINAR DE REAS VULNERVEIS A DINMICA COSTEIRA E A MUDANAS CLIMTICAS NO LITORAL DO RIO GR',1,0,9471,'CT12/PROJ4'),(521,'149927','EDITAL 004 - SELEO PBLICA PARA APOIO A REALIZAO DE EVENTOS - CT','EDITAL 004 - SELEO PBLICA PARA APOIO A REALIZAO DE EVENTOS - CT',1,0,9511,'EDITAL004/CT'),(522,'149928','EDITAL UFRN/PROEX/PROAE N 008/2015 - SEL. PUB. PARA APOIO A PROJ. DE EXT. EM REAS VULNERVEIS A DESASTRES NATURAIS - CT','EDITAL UFRN/PROEX/PROAE N 008/2015 - SEL. PUB. PARA APOIO A PROJ. DE EXT. EM REAS VULNERVEIS A DESASTRES NATURAIS - CT',1,0,9530,'EDITAL08/CT'),(523,'149929','EDITAL UFRN/PROEX/ PROAE NO 009/2015 - SELEO PBLICA PARA APOIO A PROJETOS NAS REAS DE MEMRIA E DOCUMENTAO - CT','EDITAL UFRN/PROEX/ PROAE NO 009/2015 - SELEO PBLICA PARA APOIO A PROJETOS NAS REAS DE MEMRIA E DOCUMENTAO - CT',1,0,9539,'EDITAL9/CT'),(524,'149930','EDITAL UFRN/PROEX/ PROAE/ N 007/2015 - SELEO PBLICA PARA APOIO A PROJETOS DE EXTENSO DE SADE EM COMUNIDADE - CT','EDITAL UFRN/PROEX/ PROAE/ N 007/2015 - SELEO PBLICA PARA APOIO A PROJETOS DE EXTENSO DE SADE EM COMUNIDADE - CT',1,0,9547,'EDITAL7/CT'),(525,'14992801','APOIO AO PLANO DE CONTINGNCIA E PREVENO A DESASTRES NATURAIS DO BAIRRO FELIPE CAMARO, NATAL/RN.','APOIO AO PLANO DE CONTINGNCIA E PREVENO A DESASTRES NATURAIS DO BAIRRO FELIPE CAMARO, NATAL/RN.',1,0,9585,'AVDN/CT'),(526,'14993001','QUALIDADE DAS GUAS DOS RESERVATRIOS DOS SERVIOS DE SADE DE NATAL','QUALIDADE DAS GUAS DOS RESERVATRIOS DOS SERVIOS DE SADE DE NATAL',1,0,9607,'SPARE/CT01'),(527,'14992901','DESENHO, PATRIMNIO E PAISAGEM URBANA: REGISTRO DE REAS DE VALOR PATRIMONIAL EM CIDADES POTIGUARES','DESENHO, PATRIMNIO E PAISAGEM URBANA: REGISTRO DE REAS DE VALOR PATRIMONIAL EM CIDADES POTIGUARES',1,0,9651,'EDIT09/CT01'),(528,'14992902','DESVENDANDO O HABITAT DOS ASSENTAMENTOS DE REFORMA AGRRIA DO RIO GRANDE DO NORTE','DESVENDANDO O HABITAT DOS ASSENTAMENTOS DE REFORMA AGRRIA DO RIO GRANDE DO NORTE',1,0,9652,'EDIT09/CT02'),(529,'14992701','APOIO  REALIZAO DO SIMPSIO BRASILEIRO DE AUTOMAO INTELIGENTE 2015','APOIO  REALIZAO DO SIMPSIO BRASILEIRO DE AUTOMAO INTELIGENTE 2015',1,0,9669,'SPARE/CT02'),(530,'14992702','GEOSSINTTICOS APLICADOS  ENGENHARIA CIVIL E AMBIENTAL','GEOSSINTTICOS APLICADOS  ENGENHARIA CIVIL E AMBIENTAL',1,0,9670,'SPARE/CT03'),(531,'14992703','7 SEMANA DE ENGENHARIA QUMICA','7 SEMANA DE ENGENHARIA QUMICA',1,0,9671,'SPARE/CT04'),(532,'14992704','XVII SEMANA DE ARQUITETURA E URBANISMO DA UFRN (XVII SEMANAU - O GOIABEIRA 2015)','XVII SEMANA DE ARQUITETURA E URBANISMO DA UFRN (XVII SEMANAU - O GOIABEIRA 2015)',1,0,9672,'SPARE/CT05'),(533,'14992705','VI WORKSHOP PRODUTIVA JNIOR: CONECTE INQUIETAES','VI WORKSHOP PRODUTIVA JNIOR: CONECTE INQUIETAES',1,0,9673,'SPARE/CT06'),(534,'14992706','II PETWORKING','II PETWORKING',1,0,9674,'SPARE/CT07'),(535,'14992707','III SEMINRIO DE ENGENHARIA AMBIENTAL DA UFRN','III SEMINRIO DE ENGENHARIA AMBIENTAL DA UFRN',1,0,9675,'SPARE/CT08'),(536,'14992708','OFICINAS DE CAPACITAO NA INOVAO E EMPREENDEDORISMO DE RECURSOS DE MATRIAS PRIMAS PARA ALIMENTOS E ENERGIA','OFICINAS DE CAPACITAO NA INOVAO E EMPREENDEDORISMO DE RECURSOS DE MATRIAS PRIMAS PARA ALIMENTOS E ENERGIA',1,0,9676,'SPARE/CT09'),(537,'149931','PROJETOS AVULSOS - CT','PROJETOS AVULSOS - CT',1,0,9756,'AVULSOS/CT'),(538,'14993101','MINICURSO DE APRIMORAMENTO EM EXCEL  NVEL AVANADO','MINICURSO DE APRIMORAMENTO EM EXCEL  NVEL AVANADO',1,0,9757,'MIAPEX/AVANAD'),(539,'149932','RESULTADO PARCIAL - EDITAL 013/2015 (EVENTOS INTEGRADOS 2016.1) - CT','RESULTADO PARCIAL - EDITAL 013/2015 (EVENTOS INTEGRADOS 2016.1) - CT',1,0,9938,'EDT13/16/CT'),(540,'14993201','CICLO NUTEQ','CICLO NUTEQ',1,0,9950,'CICLO/NUTEQ'),(541,'14993202','CNCER: CONHECER PARA PREVENIR - UMA EXPOSIO CIENTFICO-CULTURAL','CNCER: CONHECER PARA PREVENIR - UMA EXPOSIO CIENTFICO-CULTURAL',1,0,9951,'PREVENIR/CANCE'),(542,'149933','EDITAL UFRN/PROEX/NAC 014/2015  GRUPOS DE ARTE E CULTURA - CT','EDITAL UFRN/PROEX/NAC 014/2015  GRUPOS DE ARTE E CULTURA - CT',1,0,9970,'NAC14/2015-CT'),(543,'14993301','GRUPO UNIVERSITRIO DA AQUARELA E PASTEL  GRUPO PERMANENTE DE ARTE E CULTURA','GRUPO UNIVERSITRIO DA AQUARELA E PASTEL  GRUPO PERMANENTE DE ARTE E CULTURA',1,0,10002,'NAC14/CT01'),(544,'149934','EDITAL UFRN/PROEX 011/2015 (PROJETOS DE EXTENSO PARA 2016) - CT','EDITAL UFRN/PROEX 011/2015 (PROJETOS DE EXTENSO PARA 2016) - CT',1,0,10186,'PROJ/11/16/CT'),(545,'14993401','DESENHADORES URBANOS: UM PERCURSO PELA HISTRIA DO RN ATRAVS DOS TRAOS','DESENHADORES URBANOS: UM PERCURSO PELA HISTRIA DO RN ATRAVS DOS TRAOS',1,0,10187,'DESENHADORES-U'),(546,'14993403','ASSESSORIA E FORMAO PARA EMPRESAS RECUPERADAS POR TRABALHADORES NO NORDESTE','ASSESSORIA E FORMAO PARA EMPRESAS RECUPERADAS POR TRABALHADORES NO NORDESTE',1,0,10189,'AFERTN/CT'),(547,'140006','INCUBADORA TECNATUS','INCUBADORA TECNATUS',1,0,10215,'TECNATUS/CT'),(548,'149935','RESULTADO FINAL - REFERENTE  LINHA 04 DO EDITAL DE EVENTOS INTEGRADOS 2016 - CT','RESULTADO FINAL - REFERENTE  LINHA 04 DO EDITAL DE EVENTOS INTEGRADOS 2016 - CT',1,0,10233,'LINHA4/CT/16'),(549,'14993501','LIXO ELETRNICO. SOLUO PARA OS RESDUOS GERADOS PELA UFRN.','LIXO ELETRNICO. SOLUO PARA OS RESDUOS GERADOS PELA UFRN.',1,0,10248,'LIXO/ELETRONIC'),(550,'14993502','WORKSHOP DE TCNICAS EXPERIMENTAIS EM AQUARELA','WORKSHOP DE TCNICAS EXPERIMENTAIS EM AQUARELA',1,0,10249,'WORKTEC/EXPAQ'),(551,'143307','SEMANA DE ENGENHARIA DE PETRLEO','SEMANA DE ENGENHARIA DE PETRLEO',1,0,10408,'SEP/UFRN'),(552,'140007','TECNOLOGIA 3D NA CAPACITAO DE ALUNOS E PROFESSORES NO DESENVOLVIMENTO DE PRTESES E RTESES','TECNOLOGIA 3D NA CAPACITAO DE ALUNOS E PROFESSORES NO DESENVOLVIMENTO DE PRTESES E RTESES',1,0,10412,'TEC-3D/CAPDP'),(553,'1406','PROGRAMA DE PS-GRADUAO EM ENGENHARIA TXTIL','PROGRAMA DE PS-GRADUAO EM ENGENHARIA TXTIL',1,0,10480,'PPgET'),(554,'142207','LABORATRIO DE ENGENHARIA DE PRODUTO','LABORATRIO DE ENGENHARIA DE PRODUTO',1,0,10483,'LABENPRO'),(555,'142206','LABORATRIO DE SUSTENTABILIDADE','LABORATRIO DE SUSTENTABILIDADE',1,0,10485,'LABSUS/PROD'),(556,'142208','LABORATRIO DE PROJETO DE FBRICA','LABORATRIO DE PROJETO DE FBRICA',1,0,10486,'LABPROFAB/PROD'),(557,'142209','LABORATRIO DE PESQUISA OPERACIONAL','LABORATRIO DE PESQUISA OPERACIONAL',1,0,10487,'LAPOP/PROD'),(558,'142210','LABORATRIO DE ENGENHARIA DO TRABALHO','LABORATRIO DE ENGENHARIA DO TRABALHO',1,0,10488,'LABENT/PROD'),(559,'149936','EDITAL UFRN/PROEX N 006/2016 - SELEO PBLICA PARA APOIO A PROJ ETOS DE EXTENSO - CT','EDITAL UFRN/PROEX N 006/2016 - SELEO PBLICA PARA APOIO A PROJ ETOS DE EXTENSO - CT',1,0,10621,'PROEX62016CT'),(560,'141834','ROYAL SOCIETY-NEWTON ADVANCED FELLOWSHIP','ROYAL SOCIETY-NEWTON ADVANCED FELLOWSHIP',1,0,10886,'ROYAL/SOCIETY'),(561,'143118','ASSESSORIA DE POLTICA ACADMICA','ASSESSORIA DE POLTICA ACADMICA',1,0,11103,'APA/CT'),(562,'143119','ASSESSORIA DE INFRAESTRUTURA - CT','ASSESSORIA DE INFRAESTRUTURA - CT',1,0,11104,'INFRA/CT'),(563,'143120','ASSESSORIA DE PROJETOS E EMPREENDEDORISMO - CT','ASSESSORIA DE PROJETOS E EMPREENDEDORISMO - CT',1,0,11105,'APE/CT'),(564,'1478','CONSELHO DO CENTRO DE TECNOLOGIA','CONSELHO DO CENTRO DE TECNOLOGIA',1,0,11117,'CONSEC - CT'),(565,'147802','COMPLEXO TECNOLGICO DE ENGENHARIA','COMPLEXO TECNOLGICO DE ENGENHARIA',1,0,11118,'CTEC/CT'),(566,'149937','I SIMPSIO DO PROGRAMA DE PS-GRADUAO EM ENGENHARIA CIVIL','I SIMPSIO DO PROGRAMA DE PS-GRADUAO EM ENGENHARIA CIVIL',1,0,11198,'SIMP/PEC'),(567,'14993102','V SEMANA DE ENGENHARIA MECNICA (SEMEC) E O I ENCONTRO POTIGUAR DE ESTUDANTES DE ENGENHARIA MECNICA (EPMEC)','V SEMANA DE ENGENHARIA MECNICA (SEMEC) E O I ENCONTRO POTIGUAR DE ESTUDANTES DE ENGENHARIA MECNICA (EPMEC)',1,0,11204,'SEMEC'),(568,'149938','PROJETOS CT - EDITAL 11/2017','PROJETOS CT - EDITAL 11/2017',1,0,11236,'PROJ/CT'),(569,'149939','PROJETOS CT - EDITAL 10/2017','PROJETOS CT - EDITAL 10/2017',1,0,11262,'PROJ/EXT/CT'),(570,'143502','LABORATRIO DE ENGENHARIA TECIDUAL E REABILITAO','LABORATRIO DE ENGENHARIA TECIDUAL E REABILITAO',1,0,11402,'LABETRE'),(571,'143503','LABORATRIO DE NEUROENGENHARIA','LABORATRIO DE NEUROENGENHARIA',1,0,11403,'LabNeuro/DEB'),(572,'143504','LABORATRIO DE AQUISIO E PROCESSAMENTO DE SINAIS E IMAGENS MDICAS','LABORATRIO DE AQUISIO E PROCESSAMENTO DE SINAIS E IMAGENS MDICAS',1,0,11404,'LAPSIM/DEB'),(573,'143505','OPEN INNOVATION','OPEN INNOVATION',1,0,11407,'OI/DEB'),(574,'143506','MODELAGEM E SIMULAO DE BIOSSISTEMAS','MODELAGEM E SIMULAO DE BIOSSISTEMAS',1,0,11408,'SIMBios/DEB'),(575,'140008','DESENVOLVIMENTO INSTITUCIONAL EM METROLOGIA: INTRODUAO E REESTRUTURAAO DO NOVO LABORATORIO DE METROLOGIA DA UFRN','DESENVOLVIMENTO INSTITUCIONAL EM METROLOGIA: INTRODUAO E REESTRUTURAAO DO NOVO LABORATORIO DE METROLOGIA DA UFRN',1,0,11630,'DesInstMet'),(576,'14993103','PROJETO TRIATLAS','PROJETO TRIATLAS',1,0,30430,'Proj/Triatlas'),(577,'141614','LABORATRIO DE ANLISES TRMICAS E ESPECTROSCOPIA','LABORATRIO DE ANLISES TRMICAS E ESPECTROSCOPIA',1,0,30502,'LATES/DEMAT'),(578,'141615','LABORATRIO DE FILMES FINOS','LABORATRIO DE FILMES FINOS',1,0,30503,'LAFIL/DEMAT'),(579,'141616','LABORATRIO DE PROCESSAMENTO DE MATERIAIS','LABORATRIO DE PROCESSAMENTO DE MATERIAIS',1,0,30504,'LAPROM/DEMAT'),(580,'1414','DEPARTAMENTO DE AGROPECURIA','DEPARTAMENTO DE AGROPECURIA',1,0,49,'AGP/CT'),(581,'143107','SETOR DE EXECUO ORAMENTRIA','SETOR DE EXECUO ORAMENTRIA',1,0,341,'SEO/CT');
/*!40000 ALTER TABLE `setor` ENABLE KEYS */;
UNLOCK TABLES;

--
-- Table structure for table `status`
--

DROP TABLE IF EXISTS `status`;
/*!40101 SET @saved_cs_client     = @@character_set_client */;
/*!50503 SET character_set_client = utf8mb4 */;
CREATE TABLE `status` (
  `id_status` tinyint NOT NULL AUTO_INCREMENT,
  `nome` varchar(20) NOT NULL,
  PRIMARY KEY (`id_status`)
) ENGINE=InnoDB AUTO_INCREMENT=5 DEFAULT CHARSET=utf8;
/*!40101 SET character_set_client = @saved_cs_client */;

--
-- Dumping data for table `status`
--

LOCK TABLES `status` WRITE;
/*!40000 ALTER TABLE `status` DISABLE KEYS */;
INSERT INTO `status` VALUES (1,'Aberto'),(2,'Em execuo'),(3,'Parado'),(4,'Concludo');
/*!40000 ALTER TABLE `status` ENABLE KEYS */;
UNLOCK TABLES;

--
-- Table structure for table `tipo_pessoa`
--

DROP TABLE IF EXISTS `tipo_pessoa`;
/*!40101 SET @saved_cs_client     = @@character_set_client */;
/*!50503 SET character_set_client = utf8mb4 */;
CREATE TABLE `tipo_pessoa` (
  `id_tipo_pessoa` tinyint NOT NULL,
  `nome_tipo_pessoa` varchar(30) NOT NULL,
  `descricao_tipo_pessoa` varchar(50) NOT NULL,
  PRIMARY KEY (`id_tipo_pessoa`)
) ENGINE=InnoDB DEFAULT CHARSET=utf8;
/*!40101 SET character_set_client = @saved_cs_client */;

--
-- Dumping data for table `tipo_pessoa`
--

LOCK TABLES `tipo_pessoa` WRITE;
/*!40000 ALTER TABLE `tipo_pessoa` DISABLE KEYS */;
INSERT INTO `tipo_pessoa` VALUES (1,'Docente','Pessoa que  um docente'),(2,'Tecnico-Administrativo','Pessoa que  um tcnico administrativo'),(3,'Terceirizado','Pessoa terceirizada'),(4,'Bolsista','Aluno bolsista');
/*!40000 ALTER TABLE `tipo_pessoa` ENABLE KEYS */;
UNLOCK TABLES;

--
-- Table structure for table `tipo_servico`
--

DROP TABLE IF EXISTS `tipo_servico`;
/*!40101 SET @saved_cs_client     = @@character_set_client */;
/*!50503 SET character_set_client = utf8mb4 */;
CREATE TABLE `tipo_servico` (
  `id_tipo_servico` tinyint unsigned NOT NULL AUTO_INCREMENT,
  `codigo_tipo_servico` varchar(3) NOT NULL,
  `nome_tipo_servico` varchar(45) NOT NULL,
  `descricao_tipo_servico` varchar(45) NOT NULL,
  `id_setor` smallint NOT NULL,
  `id_tipo_servico_pai` tinyint unsigned DEFAULT NULL,
  PRIMARY KEY (`id_tipo_servico`),
  KEY `fk_tipo_servico_setor1_idx` (`id_setor`),
  KEY `fk_tipo_servico_tipo_servico1_idx` (`id_tipo_servico_pai`),
  CONSTRAINT `fk_tipo_servico_setor1` FOREIGN KEY (`id_setor`) REFERENCES `setor` (`id_setor`),
  CONSTRAINT `fk_tipo_servico_tipo_servico1` FOREIGN KEY (`id_tipo_servico_pai`) REFERENCES `tipo_servico` (`id_tipo_servico`)
) ENGINE=InnoDB AUTO_INCREMENT=61 DEFAULT CHARSET=utf8;
/*!40101 SET character_set_client = @saved_cs_client */;

--
-- Dumping data for table `tipo_servico`
--

LOCK TABLES `tipo_servico` WRITE;
/*!40000 ALTER TABLE `tipo_servico` DISABLE KEYS */;
INSERT INTO `tipo_servico` VALUES (1,'001','Servios Eltricos ','Servios Eltricos ',562,NULL),(2,'002','Substituio de lmpadas ','Substituio de lmpadas ',562,1),(3,'003','Servios Gerais','Servios Gerais',562,NULL),(4,'004','Servios em drenos de ar condicionado ','Servios em drenos de ar condicionado ',562,5),(5,'005','Servios Hidrulicos ','Servios Hidrulicos ',562,NULL),(6,'006','Substituio de tomadas','Substituio de tomadas',562,1),(7,'007','Instalao de tomadas ','Instalao de tomadas',562,1),(8,'008','Curto-circuito ','Curto-circuito ',562,1),(9,'009','Falta de energia ','Falta de energia ',562,1),(10,'010','Substituio de luminrias ','Substituio de luminrias ',562,1),(11,'011','Instalao de refletores','Instalao de refletores',562,1),(12,'012','Substituio de refletores','Substituio de refletores',562,1),(13,'013','Substituio de disjuntores','Substituio de disjuntores',562,1),(14,'014','Substituio de projetores','Substituio de projetores',562,1),(15,'015','Instalao de ponto de tomada industrial ','Instalao de ponto de tomada industrial ',562,1),(16,'016','Substituio de canaletas','Substituio de canaletas',562,1),(17,'017','Realocao de pontos de tomada','Realocao de pontos de tomada',562,1),(18,'018','Realocao de lmpadas','Realocao de lmpadas',562,1),(19,'019','Choque eltrico','Choque eltrico',562,1),(20,'020','Servios DIMAN','Servios DIMAN',562,NULL),(21,'021','Pintura','Pintura',562,20),(22,'022','Eltrico','Eltrico',562,20),(23,'023','Carpintaria ','Carpintaria ',562,20),(24,'024','Marcenaria ','Marcenaria ',562,20),(25,'025','Pedreiro','Pedreiro',562,20),(26,'026','Serralharia','Serralharia',562,20),(27,'027','Soldagem ','Soldagem ',562,20),(28,'028','Servios SINFO','Servios SINFO',562,NULL),(29,'029','Substituio de torneira','Substituio de torneira',562,5),(30,'030','Vazamento ','Vazamento ',562,5),(31,'031','Falta de gua ','Falta de gua ',562,5),(32,'032','Substituio de sifo ','Substituio de sifo ',562,5),(33,'033','Substituio de torneira de jardim ','Substituio de torneira de jardim ',562,5),(34,'034','Instalao de torneira ','Instalao de torneira ',562,5),(35,'035','Instalao de assento sanitrio ','Instalao de assento sanitrio ',562,5),(36,'036','Desobstruo de tubulaes ','Desobstruo de tubulaes ',562,5),(37,'037','Desobstruo de vaso sanitrio','Desobstruo de vaso sanitrio',562,5),(38,'038','Desobstruo de mictrio','Desobstruo de mictrio',562,5),(39,'039','Instalao de torneira de jardim ','Instalao de torneira de jardim ',562,5),(40,'040','Limpeza de caixa de gordura ','Limpeza de caixa de gordura',562,5),(41,'041','Limpeza de caixa de inspeo ','Limpeza de caixa de inspeo ',562,5),(42,'042','Instalao de vaso sanitrio ','Instalao de vaso sanitrio',562,5),(44,'043','Instalao de lavatrio ','Instalao de lavatrio ',562,5),(45,'044','Instalao de pia ','Instalao de pia ',562,5),(46,'045','Pequena reforma','Pequena reforma ',562,1),(47,'046','Servios em Persianas e cortinas ','Servios em Persianas e cortinas ',562,3),(48,'047','Manuteno em fechadura de porta','Manuteno em Fechadura de porta',562,3),(49,'048','Manuteno em fechadura de mveis ','Manuteno em fechadura de mveis ',562,3),(50,'049','Instalao de quadro','Instalao de quadro',562,3),(52,'050','Instalao de extintores','Instalao de extintores ',562,3),(53,'051','Montagem e desmontagem de mveis ','Montagem e desmontagem de mveis ',562,3),(54,'052','Instalao de suportes diversos','Instalao de suportes diversos',562,3),(55,'053','Reparo em Janelas','Reparo em Janelas',562,3),(56,'054','Reparo em portas','Reparo em portas',562,3),(57,'055','Instalao de ponto elet. de ar condicionado','Instalao de ponto elet. de ar condicionado',562,1),(58,'056','Carga, descarga e transporte ','Carga, descarga e transporte ',562,3),(59,'057','Instalao de ponto de iluminao ','Instalao de ponto de iluminao ',562,1),(60,'058','Inspeo das instalaes eltricas','Inspeo das instalaes eltricas',562,1);
/*!40000 ALTER TABLE `tipo_servico` ENABLE KEYS */;
UNLOCK TABLES;

--
-- Table structure for table `usuario`
--

DROP TABLE IF EXISTS `usuario`;
/*!40101 SET @saved_cs_client     = @@character_set_client */;
/*!50503 SET character_set_client = utf8mb4 */;
CREATE TABLE `usuario` (
  `id_usuario` smallint NOT NULL AUTO_INCREMENT,
  `login_usuario` varchar(20) NOT NULL,
  `senha_usuario` varchar(200) NOT NULL,
  `ativo_usuario` tinyint NOT NULL,
  `tentativas_login_usuario` tinyint DEFAULT NULL,
  `id_pessoa` int NOT NULL,
  PRIMARY KEY (`id_usuario`),
  UNIQUE KEY `login_usuario_UNIQUE` (`login_usuario`),
  KEY `fk_usuario_pessoa1_idx` (`id_pessoa`),
  CONSTRAINT `fk_usuario_pessoa1` FOREIGN KEY (`id_pessoa`) REFERENCES `pessoa` (`id_pessoa`)
) ENGINE=InnoDB AUTO_INCREMENT=6 DEFAULT CHARSET=utf8;
/*!40101 SET character_set_client = @saved_cs_client */;

--
-- Dumping data for table `usuario`
--

LOCK TABLES `usuario` WRITE;
/*!40000 ALTER TABLE `usuario` DISABLE KEYS */;
INSERT INTO `usuario` VALUES (1,'admin','$2a$10$mToZ.Ff1PuAZBpj1UkVFfu3B8Q22dxqugDGbaFQMXMLBwbzXTjsPW',1,0,1),(2,'Jeandson','$2a$10$A/RdV20HQ5YmtWItSFhQnOPqhG1rgXMgo.eIdU9ZtBZPUkOBfNIxy',1,0,276),(3,'sharlls','$2a$10$jNO36zLIH.KPCk6UiXI/nuRKj3i5REiaFNV3Qh5nOOJkxq4OPypu.',1,0,258),(4,'julio','$2a$10$xxembCf6h3gvZIkky2qyAOsk69KF5yN8ehIkicWgTX8HLYi6QOUYK',1,0,261),(5,'davissantos','$2a$10$Ex1o90MqwMdyg4QGY.YbgOClqrYJClM62BwdzejZokgGeCdBdvyqe',1,0,444);
/*!40000 ALTER TABLE `usuario` ENABLE KEYS */;
UNLOCK TABLES;
/*!40103 SET TIME_ZONE=@OLD_TIME_ZONE */;

/*!40101 SET SQL_MODE=@OLD_SQL_MODE */;
/*!40014 SET FOREIGN_KEY_CHECKS=@OLD_FOREIGN_KEY_CHECKS */;
/*!40014 SET UNIQUE_CHECKS=@OLD_UNIQUE_CHECKS */;
/*!40101 SET CHARACTER_SET_CLIENT=@OLD_CHARACTER_SET_CLIENT */;
/*!40101 SET CHARACTER_SET_RESULTS=@OLD_CHARACTER_SET_RESULTS */;
/*!40101 SET COLLATION_CONNECTION=@OLD_COLLATION_CONNECTION */;
/*!40111 SET SQL_NOTES=@OLD_SQL_NOTES */;

-- Dump completed on 2020-04-29 18:46:50
